question,date,volatility_3d
Kamala Harris blowout victory?,2024-10-24T22:27:37Z,0.1947
Kamala Harris fires campaign manager?,2024-10-24T22:27:37Z,0.0917
Will Trump win Florida by 8+ points?,2024-10-24T15:30:09Z,0.0409
Will Trump drop out of presidential race?,2024-10-24T07:30:06Z,0.0745
Will Kamala Harris win the 2024 US Presidential Election?,2024-10-24T01:13:43Z,0.0318
Kamala Harris wins the popular vote?,2024-10-24T01:13:43Z,0.0221
Will Kamala Harris drop out of presidential race?,2024-10-24T01:13:43Z,0.0608
Kamala Harris and JD Vance debate before election?,2024-10-23T22:17:01Z,0.2381
Will Kamala Harris be D-nom for VP on Election Day?,2024-10-23T19:00:03Z,0.0
Kamala Harris blowout victory?,2024-10-23T19:00:03Z,0.2143
Will Trump win Florida by 8+ points?,2024-10-23T16:00:50Z,0.0338
Will Trump win Texas by 10+ points?,2024-10-23T16:00:50Z,0.0275
Will Ron DeSantis win the popular vote in the 2024 Presidential Election?,2024-10-23T16:00:50Z,0.0
Will Donald Trump win the popular vote in the 2024 Presidential Election?,2024-10-23T16:00:50Z,0.0565
Will Donald Trump win the 2024 US Presidential Election?,2024-10-23T16:00:50Z,0.0454
Will Kamala Harris be D-nom for VP on Election Day?,2024-10-23T01:30:22Z,0.0
Will Kamala Harris drop out of presidential race?,2024-10-23T01:30:22Z,0.0608
Trump gets more black voters than in 2020?,2024-10-22T13:45:03Z,0.0091
Will Kamala Harris win the 2024 US Presidential Election?,2024-10-22T04:00:05Z,0.0787
Kamala Harris blowout victory?,2024-10-22T04:00:05Z,0.1212
Will Kamala Harris drop out of presidential race?,2024-10-22T04:00:05Z,0.0608
Will Kamala lead in RCP by 3.5 or more on Oct 25?,2024-10-22T04:00:05Z,0.1443
Kamala flips a 2020 Trump state?,2024-10-22T04:00:05Z,0.1226
Will Kamala go on Joe Rogan before election?,2024-10-22T04:00:05Z,0.5986
Will Kamala Harris be D-nom for VP on Election Day?,2024-10-22T04:00:05Z,0.0
Will Kamala lead in RCP by 2-2.4 on Oct 25?,2024-10-22T04:00:05Z,2.4748
Will Kamala lead in RCP by 2.5-2.9 on Oct 25?,2024-10-22T04:00:05Z,0.3279
Will Kamala win New York by 10+ points?,2024-10-22T04:00:05Z,0.0178
Will Kamala lead in RCP by 3-3.4 on Oct 25?,2024-10-22T04:00:05Z,0.1443
Kamala Harris fires campaign manager?,2024-10-22T00:15:01Z,0.0856
Kamala Harris wins the popular vote?,2024-10-22T00:15:01Z,0.0479
Will George W. Bush endorse Kamala Harris?,2024-10-22T00:15:01Z,0.088
Kamala Harris blowout victory?,2024-10-22T00:15:01Z,0.1212
Kamala Harris wins a solid red state?,2024-10-22T00:15:01Z,0.1052
Israel military response against Iran in October?,2024-10-21T18:15:00Z,0.139
Israel military response against Iran by Friday?,2024-10-21T18:15:00Z,0.0
Israel x Hezbollah Ceasefire in 2024?,2024-10-21T18:15:00Z,0.0625
Israel withdraws from Lebanon before November?,2024-10-21T18:15:00Z,0.1662
Will George W. Bush endorse Kamala Harris?,2024-10-21T16:45:00Z,0.0881
Kamala Harris fires campaign manager?,2024-10-21T16:45:00Z,0.0964
Trump gets more black voters than in 2020?,2024-10-20T22:30:00Z,0.0061
Will Kamala Harris win the 2024 US Presidential Election?,2024-10-20T03:00:24Z,0.0565
Will Kamala Harris be D-nom for VP on Election Day?,2024-10-20T03:00:24Z,0.0
Will Kamala Harris drop out of presidential race?,2024-10-20T03:00:24Z,0.0
Kamala Harris blowout victory?,2024-10-20T03:00:24Z,0.1129
Kamala Harris wins the popular vote?,2024-10-20T03:00:24Z,0.0173
Will Kamala Harris win New York by the largest margin?,2024-10-20T03:00:24Z,0.1322
Kamala flips a 2020 Trump state?,2024-10-20T03:00:24Z,0.0802
Will Caitlin Clark endorse Kamala Harris?,2024-10-20T03:00:24Z,0.209
Will Kamala Harris win Hawaii by the largest margin?,2024-10-20T03:00:24Z,0.1182
Will Kamala Harris win another state by the largest margin?,2024-10-20T03:00:24Z,0.0553
Will Kamala Harris win all 6 swing states?,2024-10-20T03:00:24Z,0.1206
Will George W. Bush endorse Kamala Harris?,2024-10-20T03:00:24Z,0.0378
Will Kamala Harris win Delaware by the largest margin?,2024-10-20T03:00:24Z,0.2241
Will Kamala Harris win California by the largest margin?,2024-10-20T03:00:24Z,0.0623
Will Kamala Harris win Connecticut by the largest margin?,2024-10-20T03:00:24Z,0.3469
Will Kamala Harris win Massachusetts by the largest margin?,2024-10-20T03:00:24Z,0.0465
Kamala Harris fires campaign manager?,2024-10-20T03:00:24Z,0.1192
Kamala Harris and JD Vance debate before election?,2024-10-20T03:00:24Z,0.0646
U.S. military strike on Lebanon before November?,2024-10-19T14:18:47Z,0.1097
Kamala Harris wins the popular vote?,2024-10-19T09:00:18Z,0.0368
Will Kamala Harris win the 2024 US Presidential Election?,2024-10-19T03:15:02Z,0.0548
Will Kamala Harris drop out of presidential race?,2024-10-19T03:15:02Z,0.1083
Will Kamala win 60% of women?,2024-10-19T03:15:02Z,0.253
Will Kamala Harris win Hawaii by the largest margin?,2024-10-19T03:15:02Z,0.0278
Kamala Harris wins the popular vote?,2024-10-19T03:15:02Z,0.0368
Will Kamala Harris win Massachusetts by the largest margin?,2024-10-18T20:45:02Z,0.0465
Will Kamala Harris win all 6 swing states?,2024-10-18T20:45:02Z,0.0855
Will Kamala Harris win the 2024 US Presidential Election?,2024-10-18T20:45:02Z,0.0349
Will Kamala Harris win New York by the largest margin?,2024-10-18T20:45:02Z,0.1169
Will Kamala Harris win California by the largest margin?,2024-10-18T20:45:02Z,0.0571
Kamala Harris wins the popular vote?,2024-10-18T20:45:02Z,0.0347
Will Kamala Harris win Maryland by the largest margin?,2024-10-18T20:45:02Z,0.0
Will Kamala Harris win Delaware by the largest margin?,2024-10-18T20:45:02Z,0.0778
Will Kamala Harris win another state by the largest margin?,2024-10-18T20:45:02Z,0.0489
Will Kamala Harris win Hawaii by the largest margin?,2024-10-18T20:45:02Z,0.0729
Kamala Harris wins a solid red state?,2024-10-18T20:45:02Z,0.0658
Will Kamala Harris win Vermont by the largest margin?,2024-10-18T20:45:02Z,0.0218
Will Kamala Harris drop out of presidential race?,2024-10-18T20:45:02Z,0.3554
Kamala Harris blowout victory?,2024-10-18T00:45:00Z,0.1347
Israel withdraws from Gaza before November?,2024-10-17T19:15:00Z,0.0113
Will Kamala Harris win the 2024 US Presidential Election?,2024-10-17T18:30:38Z,0.0603
Will Kamala Harris win New York by the largest margin?,2024-10-17T18:30:38Z,0.0876
Kamala Harris wins the popular vote?,2024-10-17T18:30:38Z,0.0152
Kamala Harris blowout victory?,2024-10-17T18:30:38Z,0.1264
Kamala flips a 2020 Trump state?,2024-10-17T18:30:38Z,0.0135
Will Kamala Harris be D-nom for VP on Election Day?,2024-10-17T18:30:38Z,0.0
Yahya Sinwar still Hamas leader by October 31?,2024-10-17T17:06:04Z,0.5743
Will Kamala Harris win the 2024 US Presidential Election?,2024-10-17T14:01:01Z,0.0603
Will Kamala Harris be D-nom for VP on Election Day?,2024-10-17T14:01:01Z,0.0
Will Kamala Harris drop out of presidential race?,2024-10-17T14:01:01Z,0.3633
Kamala Harris wins the popular vote?,2024-10-17T14:01:01Z,0.0152
Yahya Sinwar still Hamas leader by October 31?,2024-10-17T13:25:12Z,0.5743
Kamala Harris and JD Vance debate before election?,2024-10-17T00:30:35Z,0.1375
Kamala Harris wins the popular vote?,2024-10-16T21:00:00Z,0.0329
"Will Kamala say ""marijuana"" during Fox News interview?",2024-10-16T19:30:10Z,0.5655
"Will Kamala say ""Black men"" during Fox News interview?",2024-10-16T19:30:10Z,0.5764
Kamala Harris wins the popular vote?,2024-10-16T16:15:06Z,0.0329
Kamala Harris wins the popular vote?,2024-10-16T09:30:02Z,0.0329
Trump gets more black voters than in 2020?,2024-10-16T09:30:02Z,0.016
Will Kamala Harris win New York by the largest margin?,2024-10-16T09:30:02Z,0.1288
"Will Kamala say ""Black men"" during Fox News interview?",2024-10-16T09:30:02Z,0.5764
"Will Kamala say ""Black men"" during Fox News interview?",2024-10-16T01:45:02Z,0.5764
Kamala Harris wins the popular vote?,2024-10-16T01:15:00Z,0.0329
Will Kamala go on Lex Fridman podcast?,2024-10-15T23:45:01Z,0.1478
Will Trump do a podcast with Hawk Tuah Girl?,2024-10-15T23:45:01Z,0.1854
Kamala Harris and JD Vance debate before election?,2024-10-15T15:15:00Z,0.9467
Trump flips Kamala on 538 before election?,2024-10-15T13:45:00Z,0.2171
Israel strike on Iranian nuclear facility in 2024?,2024-10-15T11:30:30Z,0.1779
Will Israel strike Iran on Saturday Oct 19?,2024-10-15T11:30:30Z,0.4231
Will Israel strike Iran on Thursday Oct 17?,2024-10-15T11:30:30Z,0.6353
Will Israel strike Iran on Friday Oct 18?,2024-10-15T11:30:30Z,0.5834
Will Israel strike Iran on Wednesday Oct 16?,2024-10-15T11:30:30Z,0.4532
Will Israel strike Iran on Tuesday Oct 15?,2024-10-15T11:30:30Z,0.4366
Will Israel strike Iran on Sunday Oct 20?,2024-10-15T11:30:30Z,0.4393
Another Iran strike on Israel in October?,2024-10-15T11:30:30Z,0.242
Israel military response against Iran in October?,2024-10-15T11:30:30Z,0.032
Israel military response against Iran by Friday?,2024-10-15T11:30:30Z,0.0
No Israel strike Iran by Sunday Oct 20?,2024-10-15T11:30:30Z,0.1057
Israel military action against Iran by end of 2024?,2024-10-15T11:30:30Z,0.0256
Will Kamala Harris drop out of presidential race?,2024-10-15T02:30:29Z,0.4866
Kamala Harris blowout victory?,2024-10-15T02:30:29Z,0.0524
Will Kamala Harris be D-nom for VP on Election Day?,2024-10-15T02:30:29Z,0.0
Will Kamala Harris win the 2024 US Presidential Election?,2024-10-15T02:30:29Z,0.0217
Kamala Harris blowout victory?,2024-10-14T23:30:07Z,0.0524
Kamala Harris wins the popular vote?,2024-10-14T23:30:07Z,0.0284
Will Kamala Harris win the 2024 US Presidential Election?,2024-10-14T19:00:23Z,0.0132
Kamala flips a 2020 Trump state?,2024-10-14T19:00:23Z,0.0335
Will Kamala Harris be D-nom for VP on Election Day?,2024-10-14T19:00:23Z,0.0
Trump-Vance Republican ticket on election day?,2024-10-14T16:45:00Z,0.0039
U.S. military strike on Lebanon before November?,2024-10-14T14:15:33Z,0.0619
Israel x Hezbollah Ceasefire in 2024?,2024-10-14T14:15:33Z,0.0411
Kamala Harris wins a solid red state?,2024-10-12T13:30:30Z,0.0
Will Kamala Harris win California by the largest margin?,2024-10-12T13:30:30Z,0.0565
Will Kamala Harris win another state by the largest margin?,2024-10-12T13:30:30Z,0.2377
Will Kamala Harris win all 6 swing states?,2024-10-12T13:30:30Z,0.0398
Will George W. Bush endorse Kamala Harris?,2024-10-12T01:30:07Z,0.1661
Kamala Harris blowout victory?,2024-10-12T01:30:07Z,0.0199
Will George W. Bush endorse Kamala Harris?,2024-10-11T17:30:00Z,0.232
Will Kamala Harris drop out of presidential race?,2024-10-11T00:00:34Z,0.0517
Will Kamala Harris win the 2024 US Presidential Election?,2024-10-11T00:00:34Z,0.0268
Will Kamala Harris win all 6 swing states?,2024-10-11T00:00:34Z,0.0715
Will Kamala Harris win California by the largest margin?,2024-10-11T00:00:34Z,0.0565
Kamala Harris blowout victory?,2024-10-11T00:00:34Z,0.0199
Will Kamala Harris win another state by the largest margin?,2024-10-11T00:00:34Z,0.212
Will Caitlin Clark endorse Kamala Harris?,2024-10-11T00:00:34Z,0.147
Kamala Harris wins the popular vote?,2024-10-11T00:00:34Z,0.0154
Will Kamala Harris win New York by the largest margin?,2024-10-11T00:00:34Z,0.3345
Will Kamala Harris win Delaware by the largest margin?,2024-10-11T00:00:34Z,0.1292
Kamala Harris wins a solid red state?,2024-10-11T00:00:34Z,0.0
Will Kamala Harris be D-nom for VP on Election Day?,2024-10-11T00:00:34Z,0.3849
Will Kamala Harris win Hawaii by the largest margin?,2024-10-11T00:00:34Z,0.0761
Will Kamala Harris win Connecticut by the largest margin?,2024-10-11T00:00:34Z,0.1772
Will Kamala Harris win Maryland by the largest margin?,2024-10-11T00:00:34Z,0.0304
Will Kamala Harris win Vermont by the largest margin?,2024-10-11T00:00:34Z,0.0488
Will Kamala Harris win Massachusetts by the largest margin?,2024-10-11T00:00:34Z,0.0246
Will Kamala Harris be D-nom for VP on Election Day?,2024-10-10T20:00:08Z,0.3849
Will George W. Bush endorse Kamala Harris?,2024-10-10T20:00:08Z,0.1345
Will Caitlin Clark endorse Kamala Harris?,2024-10-09T12:15:02Z,0.2005
Will George W. Bush endorse Kamala Harris?,2024-10-09T12:15:02Z,0.1074
Kamala Harris blowout victory?,2024-10-09T12:15:02Z,0.0372
Will any other Democratic Politician win the 2024 US Presidential Election?,2024-10-09T10:45:00Z,0.0
Will Kamala Harris win the 2024 US Presidential Election?,2024-10-09T10:45:00Z,0.0406
Kamala Harris blowout victory?,2024-10-09T03:15:02Z,0.0372
Kamala Harris blowout victory?,2024-10-09T02:00:03Z,0.0372
Kamala Harris blowout victory?,2024-10-09T01:12:27Z,0.0372
Kamala Harris wins the popular vote?,2024-10-09T01:12:27Z,0.0074
Will George W. Bush endorse Kamala Harris?,2024-10-09T01:12:27Z,0.1074
Will Kamala Harris win the 2024 US Presidential Election?,2024-10-09T01:12:27Z,0.0406
Will Kamala Harris drop out of presidential race?,2024-10-09T01:12:27Z,0.0632
Will Kamala Harris be D-nom for VP on Election Day?,2024-10-09T01:12:27Z,0.1443
Kamala Harris wins a solid red state?,2024-10-09T01:12:27Z,0.0241
Will Caitlin Clark endorse Kamala Harris?,2024-10-09T01:12:27Z,0.2005
Kamala Harris 538 odds >55% on Friday?,2024-10-09T01:12:27Z,0.9569
Kamala Harris 538 odds >60% Friday?,2024-10-09T01:12:27Z,0.0
Kamala flips a 2020 Trump state?,2024-10-09T01:12:27Z,0.0371
Kamala Harris blowout victory?,2024-10-08T23:30:05Z,0.0372
Kamala Harris wins the popular vote?,2024-10-08T23:30:05Z,0.0074
Kamala Harris 538 odds >55% on Friday?,2024-10-08T23:30:05Z,0.9569
Kamala Harris 538 odds >60% Friday?,2024-10-08T23:30:05Z,0.0
Will Kamala Harris win the 2024 US Presidential Election?,2024-10-08T23:30:05Z,0.0406
Kamala Harris wins a solid red state?,2024-10-08T23:30:05Z,0.0241
Will George W. Bush endorse Kamala Harris?,2024-10-08T18:55:42Z,0.1139
Will Kamala Harris drop out of presidential race?,2024-10-08T18:55:42Z,0.0532
Will Kamala Harris win the 2024 US Presidential Election?,2024-10-08T18:55:42Z,0.0316
Trump nominates Tulsi Gabbard to Cabinet?,2024-10-08T16:45:00Z,0.048
Will Kamala Harris win the 2024 US Presidential Election?,2024-10-08T02:15:02Z,0.0316
Kamala Harris blowout victory?,2024-10-08T02:15:02Z,0.0372
Kamala Harris wins the popular vote?,2024-10-08T02:15:02Z,0.004
Will Kamala Harris drop out of presidential race?,2024-10-08T02:15:02Z,0.0532
Will George W. Bush endorse Kamala Harris?,2024-10-08T02:15:02Z,0.1139
Kamala Harris wins the popular vote?,2024-10-07T10:45:03Z,0.011
Kamala Harris blowout victory?,2024-10-07T10:45:03Z,0.0509
Will Kamala Harris win the 2024 US Presidential Election?,2024-10-07T10:45:03Z,0.0359
Israel military response against Iran in October?,2024-10-06T17:00:11Z,0.0706
Israel x Hamas ceasefire in 2024?,2024-10-06T15:00:26Z,0.104
No Israel x Hamas ceasefire in 2024?,2024-10-06T15:00:26Z,0.0279
Next Israel x Hamas ceasefire in November?,2024-10-06T15:00:26Z,0.09
Next Israel x Hamas ceasefire in October?,2024-10-06T15:00:26Z,0.0708
Next Israel x Hamas ceasefire in December?,2024-10-06T15:00:26Z,0.1001
Will Kamala Harris drop out of presidential race?,2024-10-04T19:45:04Z,0.0299
Will Kamala Harris win the 2024 US Presidential Election?,2024-10-04T19:45:04Z,0.0036
Kamala Harris blowout victory?,2024-10-04T19:45:04Z,0.077
Will Kamala Harris be D-nom for VP on Election Day?,2024-10-04T19:45:04Z,0.1925
Kamala flips a 2020 Trump state?,2024-10-04T19:45:04Z,0.0067
Will a candidate from another party win Michigan Presidential Election?,2024-10-04T01:24:06Z,0.2869
Trump election interference trial doesn't start before November?,2024-10-03T20:15:02Z,0.0
Trump conviction overturned before election?,2024-10-03T20:15:02Z,0.1398
Will Israel target Tehran?,2024-10-03T05:30:22Z,0.3437
Israel military response against Iran today?,2024-10-03T05:30:22Z,0.0
Will Israel target an Iranian nuclear facility?,2024-10-03T05:30:22Z,0.4067
Another Iran strike on Israel by Friday?,2024-10-03T05:30:22Z,0.3917
Israel strike on Iranian nuclear facility in 2024?,2024-10-03T05:30:22Z,0.1373
Kamala Harris and JD Vance debate before election?,2024-10-02T21:45:02Z,0.268
Kamala Harris and JD Vance debate before election?,2024-10-02T19:00:31Z,0.2572
JD Vance replaced as Republican VP nominee?,2024-10-02T19:00:31Z,0.0
2 or more Vance vs. Walz debates before election?,2024-10-02T19:00:31Z,0.1355
Will Israel target an Iranian oil or gas facility?,2024-10-02T18:15:01Z,0.2719
Will Israel target an Iranian nuclear facility?,2024-10-02T18:15:01Z,0.2084
Will Israel target Tehran?,2024-10-02T18:15:01Z,0.1128
Will Israel target Tehran?,2024-10-02T16:00:41Z,0.1128
3 Trump vs. Harris debates before election?,2024-10-02T12:15:03Z,0.4012
2 Trump vs. Harris debates before election?,2024-10-02T12:15:03Z,0.2498
1 Trump vs. Harris debate before election?,2024-10-02T12:15:03Z,0.1098
Kamala Harris and JD Vance debate before election?,2024-10-02T12:15:03Z,0.2572
4+ Trump vs. Harris debates before election?,2024-10-02T12:15:03Z,0.395
2 or more Vance vs. Walz debates before election?,2024-10-02T12:15:03Z,0.1355
Another Iran strike on Israel by Friday?,2024-10-02T11:30:10Z,0.0867
Will Israel target Tehran?,2024-10-02T11:30:10Z,0.1128
Israel military response against Iran by Friday?,2024-10-02T11:30:10Z,0.2323
U.S. military strike on Lebanon before November?,2024-10-02T11:30:10Z,0.0
Israel x Hezbollah Ceasefire in 2024?,2024-10-02T11:30:10Z,0.0827
Kamala Harris and JD Vance debate before election?,2024-10-02T10:45:03Z,0.2572
Kamala Harris blowout victory?,2024-10-02T04:00:39Z,0.0563
Kamala Harris and JD Vance debate before election?,2024-10-02T04:00:39Z,0.2572
JD Vance replaced as Republican VP nominee?,2024-10-01T22:48:24Z,0.0
"Will JD Vance say ""Hillbilly"" during the debate?",2024-10-01T22:48:24Z,0.0
"Will JD Vance say ""Israel"" during the debate?",2024-10-01T22:48:24Z,0.0
Israel military action against Iran by end of 2024?,2024-10-01T21:15:00Z,0.0111
Will Israel invade Lebanon before November?,2024-10-01T18:00:02Z,0.1075
Will Israel invade Lebanon in September?,2024-10-01T18:00:02Z,0.3321
Israel x Hezbollah Ceasefire in 2024?,2024-10-01T16:37:45Z,0.1208
Israel x Hezbollah Ceasefire in 2024?,2024-10-01T16:00:02Z,0.1208
Israel x Hezbollah Ceasefire in 2024?,2024-10-01T12:15:02Z,0.1208
Will Israel invade Lebanon in September?,2024-10-01T12:15:02Z,0.3321
Will Israel invade Lebanon before November?,2024-10-01T12:15:02Z,0.1075
Israeli forces enters Lebanon in September?,2024-10-01T12:15:02Z,0.0157
Will Israeli troops enter Beirut by October 31?,2024-10-01T12:15:02Z,0.3137
Israel military action against Iran by end of 2024?,2024-10-01T05:30:16Z,0.2394
U.S. Federal judge impeached before April?,2025-03-19T12:44:01Z,0.1423
U.S. Federal judge impeached before April?,2025-03-18T16:54:38Z,1.0534
Will Canada remove retaliatory tariffs on USA in March?,2025-03-17T15:56:45Z,0.34
Russia x Ukraine Ceasefire by Friday?,2025-03-13T17:42:30Z,0.4751
Sea/Air ceasefire in Ukraine before May?,2025-03-13T17:42:30Z,0.0896
Will Trump impose a blanket tariff of less than 10% on the EU by June 30?,2025-03-13T14:09:35Z,0.0827
Will Trump impose a blanket tariff of 10-20% on the EU by June 30?,2025-03-13T14:09:35Z,0.4817
Will Trump impose a blanket tariff of 40% or more on the EU by June 30?,2025-03-13T14:09:35Z,2.2645
Will Trump impose a blanket tariff of 30-40% on the EU by June 30?,2025-03-13T14:09:35Z,0.2164
Will Trump impose a blanket tariff of 20-30% on the EU by June 30?,2025-03-13T14:09:35Z,0.1447
Will Trump impose no general tariff on the EU by June 30?,2025-03-13T14:09:35Z,0.0651
Will Canada remove retaliatory tariffs on USA in March?,2025-03-13T11:55:39Z,0.1122
Will Canada remove retaliatory tariffs on USA in March?,2025-03-12T18:29:15Z,0.145
Will Canada remove retaliatory tariffs on USA in March?,2025-03-12T15:44:33Z,0.145
Will Trump impose a blanket tariff of 10-20% on the EU by June 30?,2025-03-12T12:58:16Z,0.3408
Will Trump impose a blanket tariff of 40% or more on the EU by June 30?,2025-03-12T12:58:16Z,2.3665
Will Trump impose a blanket tariff of 20-30% on the EU by June 30?,2025-03-12T12:58:16Z,0.2157
Will Trump impose a blanket tariff of less than 10% on the EU by June 30?,2025-03-12T12:58:16Z,0.1197
Will Trump impose a blanket tariff of 30-40% on the EU by June 30?,2025-03-12T12:58:16Z,0.2809
Russia x Ukraine Ceasefire by Friday?,2025-03-12T11:37:28Z,0.2056
Sea/Air ceasefire in Ukraine before May?,2025-03-12T11:37:28Z,0.0857
Will the US sanction Ukraine before April?,2025-03-12T11:37:28Z,0.2286
Will Mark Carney be the next leader of the Canadian Liberal Party?,2025-03-09T19:04:48Z,0.0154
Will Jaime Battiste be the next leader of the Canadian Liberal Party?,2025-03-09T19:04:48Z,0.0
Will Dominic LeBlanc be the next leader of the Canadian Liberal Party?,2025-03-09T19:04:48Z,0.0
Will Frank Baylis be the next leader of the Canadian Liberal Party?,2025-03-09T19:04:48Z,0.4619
Will Sean Fraser be the next leader of the Canadian Liberal Party?,2025-03-09T19:04:48Z,0.0
Will Francois-Philippe Champagne be the next leader of the Canadian Liberal Party?,2025-03-09T19:04:48Z,0.0
Gavin Newsom out as Governor before April?,2025-03-07T17:56:36Z,0.0203
Will Trump reduce tariffs on Mexico or Canada today?,2025-03-07T15:31:16Z,0.1762
Will Canada remove retaliatory tariffs on USA in March?,2025-03-07T15:31:16Z,0.1399
Will Trump reduce tariffs on Mexico or Canada today?,2025-03-07T13:49:25Z,0.1762
Will Canada remove retaliatory tariffs on USA in March?,2025-03-07T13:49:25Z,0.1399
Will Trump reduce tariffs on Mexico or Canada today?,2025-03-06T18:35:02Z,0.5907
Will Trump lower automobile tariffs on Canada/Mexico by next Friday?,2025-03-06T18:35:02Z,0.0156
Will Canada remove retaliatory tariffs on USA in March?,2025-03-06T18:35:02Z,0.1981
Will Trump impose no general tariff on the EU by June 30?,2025-03-06T18:35:02Z,0.0718
Will Trump lower automobile tariffs on Canada/Mexico by next Friday?,2025-03-06T17:55:02Z,0.0156
Will Trump reduce tariffs on Mexico or Canada today?,2025-03-06T17:55:02Z,0.5907
Will Canada remove retaliatory tariffs on USA in March?,2025-03-06T17:55:02Z,0.1981
Will Trump impose no general tariff on the EU by June 30?,2025-03-06T17:55:02Z,0.0718
Will Trump reduce tariffs on Mexico or Canada today?,2025-03-06T15:49:43Z,0.5907
Will Trump lower automobile tariffs on Canada/Mexico by next Friday?,2025-03-06T15:49:43Z,0.0156
Will Canada remove retaliatory tariffs on USA in March?,2025-03-06T15:49:43Z,0.1981
Will Trump reduce tariffs on Mexico or Canada today?,2025-03-05T18:19:37Z,0.8825
Will Trump reduce tariffs on Mexico or Canada today?,2025-03-05T17:00:06Z,0.8825
Trump announces cutting all military aid to Ukraine aid before April?,2025-03-04T20:30:07Z,0.332
Trump admin announces cutting Ukraine aid by Friday?,2025-03-04T20:30:07Z,0.0695
Trump meets with Zelenskyy in March?,2025-03-03T17:34:15Z,0.0574
Trump meets with Zelenskyy in March?,2025-03-03T14:44:29Z,0.0574
Trump meets with Zelenskyy in March?,2025-03-03T12:38:31Z,0.0574
Trump meets with Zelenskyy in March?,2025-03-03T03:14:38Z,0.0574
Will Zelenskyy apologize to Trump by Sunday?,2025-03-01T12:30:48Z,0.4671
Will Zelenskyy apologize to Trump by Sunday?,2025-03-01T02:35:45Z,0.4671
Trump meets with Zelenskyy in March?,2025-03-01T02:35:45Z,0.062
Will Trump meet with Keir Starmer in 2025?,2025-02-27T19:46:13Z,0.0012
Will Trump meet with Zelenskyy by Friday?,2025-02-26T15:21:25Z,0.0717
Will Trump meet with Zelenskyy before July?,2025-02-26T15:21:25Z,0.0038
Eric Adams out as NYC mayor by March 31?,2025-02-17T14:50:00Z,1.3741
Bernie Sanders votes to confirm RFK Jr?,2025-02-13T17:23:14Z,0.4619
Trump tariffs on Canada in effect by May 1?,2025-02-12T02:32:17Z,0.1314
Will Trump remove tariff on Canada before March?,2025-02-12T02:32:17Z,1.1816
Trump tariffs on Canada in effect by May 1?,2025-02-10T12:14:02Z,0.1246
Trump tariffs on Canada in effect by May 1?,2025-02-10T11:01:08Z,0.1246
Trump tariffs on Canada in effect by May 1?,2025-02-10T00:45:37Z,0.1246
Elon Musk out as Head of DOGE before July?,2025-02-08T02:55:04Z,0.1384
Elon Musk out as Head of DOGE in 2025?,2025-02-08T02:55:04Z,0.0676
Will fewer than 50k federal employees accept the buyout?,2025-02-07T12:52:14Z,0.6762
Will 50-100k federal employees accept the buyout?,2025-02-07T12:52:14Z,0.0311
Will 500k or more federal employees accept the buyout?,2025-02-07T12:52:14Z,0.6667
Will 250-300k federal employees accept the buyout?,2025-02-07T12:52:14Z,0.3874
Will 300-350k federal employees accept the buyout?,2025-02-07T12:52:14Z,0.3282
Will 150-200k federal employees accept the buyout?,2025-02-07T12:52:14Z,0.0679
Will 200-250k federal employees accept the buyout?,2025-02-07T12:52:14Z,0.2171
Will 100-150k federal employees accept the buyout?,2025-02-07T12:52:14Z,0.1541
Will 350-400k federal employees accept the buyout?,2025-02-07T12:52:14Z,1.628
Will 450-500k federal employees accept the buyout?,2025-02-07T12:52:14Z,0.3849
Will 400-450k federal employees accept the buyout?,2025-02-07T12:52:14Z,0.1443
Elon Musk out as Head of DOGE in 2025?,2025-02-06T11:00:26Z,0.0344
Egypt/Jordan agree to take 100k+ Gazan refugees before April?,2025-02-05T12:00:35Z,0.1131
Trump imposes 40% tariff on China in first 100 days?,2025-02-04T12:52:55Z,0.0285
Will Trump remove tariff on China before March?,2025-02-04T12:52:55Z,0.1254
Will Trump increase tariffs on China before May?,2025-02-04T12:52:55Z,0.2713
Trump tariffs on Mexico in effect by May 1?,2025-02-04T12:52:55Z,0.5178
Trump tariffs on Canada in effect by May 1?,2025-02-04T12:52:55Z,0.2772
Will Trump remove tariff on Canada before March?,2025-02-03T20:12:01Z,0.2874
Will Trump remove tariff on Mexico before March?,2025-02-03T19:34:12Z,0.3961
Will Trump impose 25% tariff on Mexico or Canada before February?,2025-02-03T19:34:12Z,0.6598
Will Trump impose 25% tariff on Mexico or Canada before February?,2025-02-03T16:37:31Z,0.6598
Will Trump remove tariff on Mexico before March?,2025-02-03T16:37:31Z,0.3961
Will Trump remove tariff on Canada before March?,2025-02-03T16:37:31Z,0.2874
Will Trump impose 25% tariff on Mexico or Canada before February?,2025-02-03T15:47:04Z,0.6598
Will Trump remove tariff on Canada before March?,2025-02-03T15:47:04Z,0.2874
Will Trump increase tariffs on China before May?,2025-02-03T15:47:04Z,0.1826
Will Trump remove tariff on Mexico before March?,2025-02-03T15:47:04Z,0.3961
Trump imposes 40% tariff on China in first 100 days?,2025-02-03T15:47:04Z,0.0357
Will Trump impose a blanket tariff of 10-20% on the EU by June 30?,2025-02-03T15:47:04Z,0.119
Will Trump remove tariff on Canada before March?,2025-02-03T12:23:25Z,0.2874
Will Trump impose 25% tariff on Mexico or Canada before February?,2025-02-03T12:23:25Z,0.6598
Will Trump remove tariff on Canada before March?,2025-02-03T00:52:12Z,0.2874
Will Trump impose 25% tariff on Mexico or Canada before February?,2025-02-03T00:52:12Z,0.6598
Trump imposes 40% tariff on China in first 100 days?,2025-02-03T00:52:12Z,0.0357
Will Trump remove tariff on China before March?,2025-02-03T00:52:12Z,0.2924
Will Trump increase tariffs on China before May?,2025-02-03T00:52:12Z,0.1826
Will Trump remove tariff on Mexico before March?,2025-02-03T00:52:12Z,0.3961
Will Trump impose a blanket tariff of 20-30% on the EU by June 30?,2025-02-03T00:52:12Z,0.6472
Will Trump impose a blanket tariff of 10-20% on the EU by June 30?,2025-02-03T00:52:12Z,0.119
Will Trump impose a blanket tariff of 30-40% on the EU by June 30?,2025-02-03T00:52:12Z,2.3953
Will Trump impose a blanket tariff of less than 10% on the EU by June 30?,2025-02-03T00:52:12Z,0.4535
Will Trump impose a blanket tariff of 40% or more on the EU by June 30?,2025-02-03T00:52:12Z,0.3336
Will Trump impose 25% tariff on Mexico or Canada before February?,2025-01-31T21:58:11Z,1.0422
Will Trump impose tariffs on Mexico before March?,2025-01-31T21:58:11Z,0.0365
Trump imposes 25% tariff on Canada and Mexico before March?,2025-01-31T21:58:11Z,0.0674
Will Trump impose tariffs on any country before March?,2025-01-31T21:58:11Z,0.0228
Will Trump impose tariffs on Canada before March?,2025-01-31T21:58:11Z,0.0269
Will Tulsi Gabbard be Trump’s Director of National Intelligence?,2025-01-30T23:25:25Z,0.1274
Tulsi Gabbard confirmed as Director of National Intelligence?,2025-01-30T23:25:25Z,0.1344
Will Joni Ernst vote to confirm Tulsi Gabbard Jr. as Director of National Intelligence?,2025-01-30T23:25:25Z,0.1282
Will 53 Senators vote to confirm Tulsi Gabbard as as Director of National Intelligence?,2025-01-30T23:25:25Z,0.7245
Will Bill Cassidy vote to confirm Tulsi Gabbard Jr. as Director of National Intelligence?,2025-01-30T23:25:25Z,0.5743
Will Cynthia Lummis vote to confirm Tulsi Gabbard Jr. as Director of National Intelligence?,2025-01-30T23:25:25Z,0.1344
Will 51 Senators vote to confirm Tulsi Gabbard as as Director of National Intelligence?,2025-01-30T23:25:25Z,0.2187
Will 54 or more Senators vote to confirm Tulsi Gabbard as as Director of National Intelligence?,2025-01-30T23:25:25Z,0.0696
Will John Fetterman vote to confirm Tulsi Gabbard Jr. as Director of National Intelligence?,2025-01-30T23:25:25Z,0.0463
Will 49 Senators vote to confirm Tulsi Gabbard as as Director of National Intelligence?,2025-01-30T23:25:25Z,0.2269
Will Mitch McConnell vote to confirm Tulsi Gabbard Jr. as Director of National Intelligence?,2025-01-30T23:25:25Z,0.6311
Will 52 Senators vote to confirm Tulsi Gabbard as as Director of National Intelligence?,2025-01-30T23:25:25Z,0.0979
Will Susan Collins vote to confirm Tulsi Gabbard Jr. as Director of National Intelligence?,2025-01-30T23:25:25Z,0.1828
Less than 49 Senators vote to confirm Tulsi Gabbard as as Director of National Intelligence?,2025-01-30T23:25:25Z,0.1914
Will 50 Senators vote to confirm Tulsi Gabbard as as Director of National Intelligence?,2025-01-30T23:25:25Z,0.111
Will John Curtis vote to confirm Tulsi Gabbard Jr. as Director of National Intelligence?,2025-01-30T23:25:25Z,0.5786
Will Lisa Murkowski  vote to confirm Tulsi Gabbard Jr. as Director of National Intelligence?,2025-01-30T23:25:25Z,0.5259
Will Mitch McConnell vote to confirm Robert Kennedy Jr. as Secretary of Health and Human Services?,2025-01-28T23:57:27Z,0.1072
Will John Fetterman vote to confirm Robert Kennedy Jr. as Secretary of Health and Human Services?,2025-01-28T23:57:27Z,0.5416
Will Lisa Murkowski vote to confirm Robert Kennedy Jr. as Secretary of Health and Human Services?,2025-01-28T23:57:27Z,1.1391
Nine Trump Cabinet confirmations in January?,2025-01-26T22:37:31Z,0.2003
Seven Trump Cabinet confirmations in January?,2025-01-26T22:37:31Z,0.7948
Five Trump Cabinet confirmations in January?,2025-01-26T22:37:31Z,0.165
Eight Trump Cabinet confirmations in January?,2025-01-26T22:37:31Z,0.8324
Six Trump Cabinet confirmations in January?,2025-01-26T22:37:31Z,0.2023
Ten or more Trump Cabinet confirmations in January?,2025-01-26T22:37:31Z,1.3823
Four Trump Cabinet confirmations in January?,2025-01-26T22:37:31Z,0.4811
Trump imposes 25% tariff on Canada and Mexico before March?,2025-01-26T21:45:53Z,0.2436
Will Trump impose 25% tariff on Mexico or Canada before February?,2025-01-26T21:45:53Z,0.4868
Trump imposes 40% tariff on China in first 100 days?,2025-01-26T21:45:53Z,0.2516
Will Trump impose tariffs on Mexico in his first week?,2025-01-25T11:01:07Z,0.2935
Will Lisa Murkowski vote to confirm Pete Hegseth as Secretary of Defense?,2025-01-23T19:23:55Z,0.5711
Will Donald Trump be inaugurated?,2025-01-18T17:05:18Z,0.0008
Will Elon Musk attend presidential inauguration?,2025-01-18T17:05:18Z,0.0166
Will Xi Jinping attend presidential inauguration?,2025-01-18T02:00:16Z,2.1736
TikTok banned in the US before May 2025?,2025-01-17T22:02:54Z,0.0573
TikTok banned in 2025?,2025-01-17T22:02:54Z,0.0207
Will Supreme Court delay the Tiktok ban?,2025-01-17T22:02:54Z,0.2887
TikTok sale announced before April?,2025-01-17T22:02:54Z,0.0827
Will Mélanie Joly be the next leader of the Canadian Liberal Party?,2025-01-17T18:15:48Z,0.1323
TikTok banned in the US before May 2025?,2025-01-17T16:47:29Z,0.1324
TikTok banned in 2025?,2025-01-17T16:47:29Z,0.1278
Will Supreme Court delay the Tiktok ban?,2025-01-17T16:47:29Z,0.4681
TikTok banned in the US before May 2025?,2025-01-17T15:15:02Z,0.1324
TikTok banned in 2025?,2025-01-17T15:15:02Z,0.1278
Will Donald Trump be inaugurated?,2025-01-17T02:56:45Z,0.0018
Will Mark Zuckerberg attend presidential inauguration?,2025-01-16T18:12:06Z,0.0557
Will Joe Biden attend presidential inauguration?,2025-01-16T18:12:06Z,0.0077
Will every president attend Trump’s inauguration?,2025-01-16T18:12:06Z,0.0211
TikTok banned in the US before May 2025?,2025-01-16T16:00:49Z,0.1921
TikTok banned in 2025?,2025-01-16T16:00:49Z,0.1723
Israel x Hamas ceasefire by January 31?,2025-01-15T19:40:07Z,0.0616
Israel x Hamas ceasefire by March 31?,2025-01-15T19:40:07Z,0.0432
Trump ends Gaza war in first 100 days?,2025-01-15T19:40:07Z,0.0439
Israel x Hamas ceasefire by January 31?,2025-01-15T17:32:25Z,0.0616
Israel x Hamas ceasefire by March 31?,2025-01-15T17:32:25Z,0.0432
TikTok banned in the US before May 2025?,2025-01-15T15:50:23Z,0.1873
TikTok banned in 2025?,2025-01-15T15:50:23Z,0.1774
Will Michelle Obama attend presidential inauguration?,2025-01-15T13:26:29Z,0.1109
Will Kamala Harris attend presidential inauguration?,2025-01-15T13:26:29Z,0.0173
Will Hillary Clinton attend presidential inauguration?,2025-01-15T13:26:29Z,0.0221
Will Nancy Pelosi attend presidential inauguration?,2025-01-15T13:26:29Z,1.5909
Will Barack Obama attend presidential inauguration?,2025-01-15T13:26:29Z,0.0166
Will Alexandria Ocasio-Cortez attend presidential inauguration?,2025-01-15T13:26:29Z,0.2733
Will Michelle Obama attend presidential inauguration?,2025-01-15T03:23:56Z,0.1109
Will Barack Obama attend presidential inauguration?,2025-01-15T03:23:56Z,0.0166
Will Hillary Clinton attend presidential inauguration?,2025-01-15T03:23:56Z,0.0221
Will Pete Hegseth be Trump's Defense Secretary?,2025-01-14T21:18:14Z,0.036
Pete Hegseth confirmed as Secretary of Defense?,2025-01-14T21:18:14Z,0.0216
Will Mark Zuckerberg attend presidential inauguration?,2025-01-12T01:06:40Z,0.138
Will Trump appeal his hush money conviction?,2025-01-11T02:22:12Z,0.0021
Will Trump appeal his hush money conviction?,2025-01-10T18:02:26Z,0.0627
Trump in jail before inauguration?,2025-01-10T18:02:26Z,0.7979
Will Trump appeal his hush money conviction?,2025-01-10T15:32:37Z,0.0627
Trump in jail before inauguration?,2025-01-10T15:32:37Z,0.7979
"Trump renames Gulf of Mexico to ""Gulf of America"" in 2025?",2025-01-08T22:35:04Z,0.2828
"Trump renames Gulf of Mexico to ""Gulf of America"" in 2025?",2025-01-08T02:20:00Z,0.2823
Will Biden pardon Trump?,2025-01-07T00:15:58Z,0.0958
Will Biden issue more pardons than Trump?,2025-01-07T00:15:58Z,0.015
Will Biden issue a preemptive pardon?,2025-01-07T00:15:58Z,0.2701
Will Biden pardon Jim Biden?,2025-01-07T00:15:58Z,0.2321
Will Biden pardon SBF?,2025-01-07T00:15:58Z,0.0253
Will Biden pardon Hillary?,2025-01-07T00:15:58Z,0.1907
Will Biden pardon Diddy?,2025-01-07T00:15:58Z,0.1237
Will Biden pardon Julian Assange?,2025-01-07T00:15:58Z,0.1879
Will Biden pardon Fauci?,2025-01-07T00:15:58Z,0.8332
Will Biden pardon Ross Ulbricht?,2025-01-07T00:15:58Z,0.6025
Trump ends Ukraine war before inauguration?,2025-01-06T12:37:38Z,0.3965
Trump sentenced to prison in NY case before inauguration?,2025-01-04T12:01:11Z,0.4201
Will Trump appeal his hush money conviction?,2025-01-04T12:01:11Z,0.3819
Trump in jail before inauguration?,2025-01-04T12:01:11Z,0.136
Will Trump appeal his hush money conviction?,2025-01-03T23:52:25Z,0.3819
Trump sentenced to prison in NY case before inauguration?,2025-01-03T23:52:25Z,0.4201
213 votes for Mike Johnson to be Speaker on first ballot?,2025-01-03T14:10:00Z,0.5764
212 votes for Mike Johnson to be Speaker on first ballot?,2025-01-03T14:10:00Z,0.5764
210 or fewer votes for Mike Johnson to be Speaker on first ballot?,2025-01-03T14:10:00Z,0.5767
Yoon arrested by January 31?,2025-01-03T12:39:55Z,0.2335
South Korea First Lady Keon-hee arrested before April?,2025-01-03T12:39:55Z,0.2303
Will Mike Johnson be the first elected Speaker of the House for the 119th congress?,2025-01-02T14:48:31Z,0.0061
Trump $83.3m verdict reduced on appeal?,2024-12-31T12:44:25Z,0.0289
Trump ends Ukraine war before inauguration?,2024-12-25T17:47:55Z,0.0929
Will Matt Gaetz be Trump's Attorney General?,2024-12-23T18:24:57Z,0.2748
Trump deportation executive order on Day 1?,2024-12-22T23:11:41Z,0.0
Trump deportation executive order in first 100 days?,2024-12-22T23:11:41Z,0.0056
Trump deportation executive order on Day 1?,2024-12-22T14:24:56Z,0.0292
Trump deportation executive order in first 100 days?,2024-12-22T14:24:56Z,0.0056
New Jersey mystery drones from foreign country?,2024-12-19T19:22:55Z,0.3827
Will New Jersey declare a state of emergency over mystery drones?,2024-12-19T19:22:55Z,0.2893
Are the New Jersey mystery drones aliens?,2024-12-19T19:22:55Z,0.233
Will New Jersey declare a state of emergency over mystery drones?,2024-12-18T14:11:40Z,0.2843
Are the New Jersey mystery drones aliens?,2024-12-18T14:11:40Z,0.2439
New Jersey mystery drones from foreign country?,2024-12-18T14:11:40Z,0.2109
U.S. government admits they are operating mystery drones?,2024-12-18T14:11:40Z,0.0911
New Jersey mystery drones from foreign country?,2024-12-18T02:30:25Z,0.2109
Are the New Jersey mystery drones aliens?,2024-12-18T02:30:25Z,0.2439
Will New Jersey declare a state of emergency over mystery drones?,2024-12-18T02:30:25Z,0.2843
U.S. government admits they are operating mystery drones?,2024-12-18T02:30:25Z,0.0911
Will any arrests be made related to Mystery Drones?,2024-12-18T02:30:25Z,0.1054
U.S. government admits they are operating mystery drones?,2024-12-17T01:00:44Z,0.091
New Jersey mystery drones from foreign country?,2024-12-17T01:00:44Z,0.2148
Are the New Jersey mystery drones aliens?,2024-12-17T01:00:44Z,0.1222
Mystery drones shot down by Friday?,2024-12-17T01:00:44Z,0.3676
Will any arrests be made related to Mystery Drones?,2024-12-17T01:00:44Z,0.7256
Will New Jersey declare a state of emergency over mystery drones?,2024-12-17T01:00:44Z,0.1343
German Bundestag dissolved in 2024?,2024-12-16T16:46:43Z,0.0384
Are the New Jersey mystery drones aliens?,2024-12-15T00:34:44Z,0.2108
New Jersey mystery drones from foreign country?,2024-12-15T00:34:44Z,0.1516
Mystery drones shot down by Friday?,2024-12-15T00:34:44Z,0.3668
Mystery drones shot down by Sunday?,2024-12-15T00:34:44Z,0.547
RFK Jr. confirmed as Health & Human Services Secretary?,2024-12-14T13:00:40Z,0.011
Are the New Jersey mystery drones aliens?,2024-12-14T12:00:08Z,0.3362
New Jersey mystery drones from foreign country?,2024-12-14T12:00:08Z,0.1618
Mystery drones shot down by Sunday?,2024-12-14T12:00:08Z,0.4766
Mystery drones shot down by Friday?,2024-12-14T12:00:08Z,0.0859
New Jersey mystery drones from foreign country?,2024-12-13T22:07:06Z,0.1618
Are the New Jersey mystery drones aliens?,2024-12-13T22:07:06Z,0.3362
Are the New Jersey mystery drones aliens?,2024-12-13T19:17:54Z,0.4069
New Jersey mystery drones from foreign country?,2024-12-13T19:17:54Z,0.9838
Will Xi Jinping attend presidential inauguration?,2024-12-13T18:36:15Z,0.2033
Kristi Noem confirmed as Secretary of Homeland Security?,2024-12-13T15:32:58Z,0.0
Are the New Jersey mystery drones aliens?,2024-12-13T11:00:47Z,0.4069
New Jersey mystery drones from foreign country?,2024-12-13T11:00:47Z,0.9838
New Jersey mystery drones from foreign country?,2024-12-12T03:25:00Z,1.0914
Will Trump pardon a January 6 protestor in his first 100 days?,2024-12-09T12:54:59Z,0.0268
Will Biden pardon Trump?,2024-12-09T12:54:59Z,0.0409
Will Trump pardon Ross Ulbricht in his first 100 days?,2024-12-09T12:54:59Z,0.0197
Will Kash Patel be Trump's FBI director?,2024-12-05T17:00:20Z,0.0238
South Korean President impeached by Friday?,2024-12-05T13:09:49Z,0.499
South Korean President impeached in 2024?,2024-12-05T13:09:49Z,0.7324
Will Pete Hegseth be Trump's Defense Secretary?,2024-12-05T03:00:11Z,0.235
Pete Hegseth nomination withdrawn by Friday?,2024-12-05T03:00:11Z,0.4968
South Korean President impeached by Friday?,2024-12-04T13:52:28Z,0.4511
South Korean President impeached in 2024?,2024-12-04T13:52:28Z,0.6292
South Korean President impeached by Friday?,2024-12-04T00:45:00Z,0.4511
South Korean President impeached in 2024?,2024-12-04T00:45:00Z,0.6292
North Korea x South Korea military clash in 2024?,2024-12-03T20:30:32Z,0.0888
Will Biden pardon Trump?,2024-12-02T18:29:19Z,0.5736
Will Biden pardon SBF?,2024-12-02T18:29:19Z,0.2169
Will Biden pardon Diddy?,2024-12-02T18:29:19Z,0.0755
Will Biden pardon Trump?,2024-12-02T13:58:55Z,0.5736
Will Biden pardon SBF?,2024-12-02T13:58:55Z,0.2169
Will Biden pardon Julian Assange?,2024-12-02T13:58:55Z,0.3512
Will Biden pardon Trump?,2024-12-02T12:31:57Z,0.5736
Will Biden pardon Trump?,2024-12-02T01:35:27Z,0.5736
Will Biden pardon SBF?,2024-12-02T01:35:27Z,0.2169
Will Biden pardon Diddy?,2024-12-02T01:35:27Z,0.0755
Trump nominates Elon Musk to Cabinet?,2024-11-29T18:11:55Z,0.1057
Ukraine hits Moscow before 2025?,2024-11-28T19:14:54Z,0.2332
Trump nominates Elon Musk to Cabinet?,2024-11-28T03:00:25Z,0.0691
Will Trump impose 25% tariff on Mexico or Canada before February?,2024-11-27T02:30:36Z,0.0425
Trump imposes 40% tariff on China in first 100 days?,2024-11-26T03:09:13Z,0.0435
Will Matt Gaetz be Trump's Attorney General?,2024-11-22T17:37:36Z,0.4121
Will Gaetz be sworn in with the new congress?,2024-11-22T17:37:36Z,0.5607
Elon Musk out as Head of DOGE before July?,2024-11-22T13:06:08Z,0.0947
Will Matt Gaetz be Trump's Attorney General?,2024-11-22T12:27:20Z,0.4121
Will Matt Gaetz be Trump's Attorney General?,2024-11-22T00:59:47Z,0.4121
Will Matt Gaetz be Trump's Attorney General?,2024-11-21T20:55:59Z,0.5736
Tulsi Gabbard confirmed as Director of National Intelligence?,2024-11-21T12:55:11Z,0.07
Will Trump formally nominate Tulsi Gabbard to the cabinet?,2024-11-21T12:55:11Z,0.0839
Will Mike Davis be Trump's Attorney General?,2024-11-20T14:33:24Z,0.4058
Matt Gaetz Ethics Report made public in November?,2024-11-20T00:10:06Z,0.1977
Will Matt Gaetz be Trump's Attorney General?,2024-11-20T00:10:06Z,0.53
Matt Gaetz confirmed as Attorney General?,2024-11-20T00:10:06Z,0.0196
Will Matt Gaetz be Trump's Attorney General?,2024-11-19T20:15:02Z,0.598
Will Matthew Whitaker be Trump's Attorney General?,2024-11-19T20:15:02Z,1.6366
Trump formally nominates Matt Gaetz for AG?,2024-11-19T20:15:02Z,0.1482
Matt Gaetz confirmed as Attorney General?,2024-11-19T20:15:02Z,0.1878
Will Ken Paxton be Trump's Attorney General?,2024-11-19T20:15:02Z,0.1606
Will Trump use a recess appointment for Matt Gaetz?,2024-11-19T20:15:02Z,0.5422
Will Mike Davis be Trump's Attorney General?,2024-11-19T20:15:02Z,0.4063
Will JD Vance be the next Senate Majority Leader?,2024-11-19T20:15:02Z,0.3849
Ukraine hits Moscow before 2025?,2024-11-19T16:56:06Z,0.0937
Ukraine hits Moscow before 2025?,2024-11-19T13:49:57Z,0.0937
Ukraine hits Moscow before 2025?,2024-11-19T01:30:06Z,0.0937
Will Pete Hegseth be Trump's Defense Secretary?,2024-11-18T01:20:48Z,0.071
Pete Hegseth confirmed as Secretary of Defense?,2024-11-18T01:20:48Z,0.0462
Matt Gaetz Ethics Report made public by Sunday?,2024-11-17T23:57:45Z,0.0
Will Matt Gaetz be Trump's Attorney General?,2024-11-17T01:45:02Z,0.0335
Matt Gaetz confirmed as Attorney General?,2024-11-17T01:45:02Z,0.1506
Trump formally nominates Matt Gaetz for AG?,2024-11-17T01:45:02Z,0.2448
Trump formally nominates Matt Gaetz for AG?,2024-11-16T13:00:54Z,0.1397
Will Pete Hegseth be Trump's Defense Secretary?,2024-11-16T12:00:14Z,0.041
Will RFK Jr. be Trump's HHS Secretary?,2024-11-16T12:00:14Z,0.0104
RFK Jr. confirmed as Health & Human Services Secretary?,2024-11-16T12:00:14Z,0.0109
Will Eric Hargan be Trump's HHS Secretary?,2024-11-16T12:00:14Z,0.0175
Will Brian Blase be Trump's HHS Secretary?,2024-11-16T12:00:14Z,0.0849
Matt Gaetz Ethics Report made public by Sunday?,2024-11-16T02:54:32Z,0.4848
Will Matt Gaetz be Trump's Attorney General?,2024-11-16T00:28:17Z,0.1317
Matt Gaetz confirmed as Attorney General?,2024-11-16T00:28:17Z,0.2716
Trump formally nominates Matt Gaetz for AG?,2024-11-16T00:28:17Z,0.1397
Will Trump use a recess appointment for Matt Gaetz?,2024-11-16T00:28:17Z,0.1798
Will Trump nominate RFK for FDA Commissioner?,2024-11-15T17:38:25Z,0.435
Will Todd Blanche be Trump's Attorney General?,2024-11-15T00:56:32Z,0.0674
Will Andrew Bailey be Trump's Attorney General?,2024-11-15T00:56:32Z,0.1859
Trump nominates RFK Jr. to Cabinet?,2024-11-14T22:26:04Z,0.0
Will Trump nominate RFK Jr. for HHS Secretary?,2024-11-14T22:26:04Z,0.0
Will Trump nominate RFK for FDA Commissioner?,2024-11-14T22:26:04Z,0.435
Trump nominates Elon Musk to Cabinet?,2024-11-14T18:52:46Z,0.5941
Will Trump nominate Tulsi Gabbard for Homeland Security Secretary?,2024-11-14T14:43:17Z,0.4491
Trump nominates Tulsi Gabbard to Cabinet?,2024-11-14T14:43:17Z,0.026
Will Trump nominate Tulsi Gabbard for Secretary of Veterans Affairs?,2024-11-14T14:43:17Z,0.3123
Will Trump nominate  Matt Rosendale for Secretary of Veterans Affairs?,2024-11-14T13:54:01Z,0.3778
Pete Hegseth confirmed as Secretary of Defense?,2024-11-14T13:54:01Z,0.0418
Will Trump nominate Tulsi Gabbard for Secretary of Veterans Affairs?,2024-11-14T13:54:01Z,0.3123
Matt Gaetz confirmed as Attorney General?,2024-11-14T12:15:03Z,0.2698
Will Trump nominate Eric Schmitt for Attorney General?,2024-11-14T12:15:03Z,0.5522
Will Trump nominate Matthew G. Whitaker for Attorney General?,2024-11-14T12:15:03Z,0.5711
Will Trump nominate Mike Davis for Attorney General?,2024-11-14T12:15:03Z,0.4619
Will Trump nominate Jeff Clark for Attorney General?,2024-11-14T12:15:03Z,0.5511
Will Trump nominate Todd Blanche for Attorney General?,2024-11-14T12:15:03Z,0.3936
Will Trump nominate Jeffrey Jensen for Attorney General?,2024-11-14T12:15:03Z,0.5613
Will Trump nominate Will Levi for Attorney General?,2024-11-14T12:15:03Z,0.5485
Will Trump nominate John Ratcliffe for Attorney General?,2024-11-14T12:15:03Z,0.5052
Will Trump nominate Mike Davis for Attorney General?,2024-11-14T11:30:05Z,0.4619
Will Trump nominate Will Levi for Attorney General?,2024-11-14T11:30:05Z,0.5485
Will Trump nominate Mike Lee for Attorney General?,2024-11-14T11:30:05Z,0.5672
Will Trump nominate Tulsi Gabbard for Homeland Security Secretary?,2024-11-14T03:51:37Z,0.4491
Matt Gaetz confirmed as Attorney General?,2024-11-14T01:49:00Z,0.2698
Will Trump nominate Matthew G. Whitaker for Attorney General?,2024-11-14T01:49:00Z,0.5711
Will Trump nominate Will Levi for Attorney General?,2024-11-13T22:12:51Z,0.5485
Will Trump nominate Jeff Clark for Attorney General?,2024-11-13T22:12:51Z,0.5511
Will Trump nominate Eric Schmitt for Attorney General?,2024-11-13T22:12:51Z,0.5522
Will Trump nominate John Ratcliffe for Attorney General?,2024-11-13T22:12:51Z,0.5052
Will Joe Biden attend presidential inauguration?,2024-11-13T17:00:25Z,0.0053
Will Trump nominate Marco Rubio for Secretary of State?,2024-11-13T12:38:36Z,0.139
Will Trump nominate Steven Mnuchin for Treasury Secretary?,2024-11-13T12:38:36Z,1.397
Will Trump nominate Bill Hagerty for Secretary of State?,2024-11-13T12:38:36Z,0.4194
Trump wins and picks Dimon for Treasury Secretary?,2024-11-13T12:38:36Z,0.172
Will Trump nominate Bill Hagerty for Treasury Secretary?,2024-11-13T12:38:36Z,0.9544
Will Trump nominate Tom Cotton for Defense Secretary?,2024-11-13T02:34:24Z,0.4269
Will Trump nominate Robert O’Brien for Defense Secretary?,2024-11-13T02:34:24Z,0.5189
Will Trump nominate Mike Pompeo for Defense Secretary?,2024-11-13T02:34:24Z,0.3022
Will Trump nominate Mike Gallagher for Defense Secretary?,2024-11-13T02:34:24Z,0.4899
Will Trump nominate Joni Ernst for Defense Secretary?,2024-11-13T02:34:24Z,0.7257
Will Trump nominate Christopher Miller for Defense Secretary?,2024-11-13T02:34:24Z,0.49
Will Trump nominate  David M. Friedman for Israeli Ambassador?,2024-11-13T02:00:17Z,0.4866
Will Trump nominate Peter Deutsch for Israeli Ambassador?,2024-11-13T02:00:17Z,0.4009
Will Trump nominate Mike Gallagher for Defense Secretary?,2024-11-13T02:00:17Z,0.4899
Will Trump nominate Howard Lutnick for Israeli Ambassador?,2024-11-13T02:00:17Z,0.4587
Will Trump nominate Joni Ernst for Defense Secretary?,2024-11-13T02:00:17Z,0.7257
Will Trump nominate Tulsi Gabbard for Homeland Security Secretary?,2024-11-13T02:00:17Z,0.3917
Will Trump nominate Thomas Homan for Homeland Security Secretary?,2024-11-13T02:00:17Z,0.4135
Will Trump nominate Mark Morgan for Homeland Security Secretary?,2024-11-13T02:00:17Z,0.4925
Will Trump nominate Robert O’Brien for Defense Secretary?,2024-11-13T02:00:17Z,0.5189
Will Trump nominate Mike Pompeo for Defense Secretary?,2024-11-13T02:00:17Z,0.3022
Will Trump nominate Bill Hagerty for Treasury Secretary?,2024-11-13T02:00:17Z,0.9544
Will Trump nominate Chad Mizelle for Homeland Security Secretary?,2024-11-13T02:00:17Z,0.4891
Will Trump nominate Bill Hagerty for Secretary of State?,2024-11-13T02:00:17Z,0.4194
Will Trump nominate Steven Mnuchin for Treasury Secretary?,2024-11-13T02:00:17Z,1.397
Will Trump nominate Marco Rubio for Secretary of State?,2024-11-12T04:13:51Z,1.2617
Will Trump nominate Thomas Homan for Homeland Security Secretary?,2024-11-11T19:20:24Z,0.2554
Will Trump nominate Thomas Homan for Homeland Security Secretary?,2024-11-11T16:01:38Z,0.2554
Kamala Harris wins the popular vote?,2024-11-10T23:45:02Z,0.433
Trump deportation executive order on Day 1?,2024-11-08T19:54:37Z,0.5188
Trump ends Ukraine war before inauguration?,2024-11-08T13:59:01Z,0.144
Will Trump appoint Susie Wiles for White House Press Secretary?,2024-11-08T03:15:05Z,1.0304
Will Trump appoint Susie Wiles for White House Press Secretary?,2024-11-08T02:04:58Z,1.0304
Will Donald Trump be inaugurated?,2024-11-07T17:04:39Z,0.0014
Kamala Harris blowout victory?,2024-11-06T19:58:30Z,0.5704
Kamala Harris wins the popular vote?,2024-11-06T19:58:30Z,1.0096
Will Kamala Harris concede by Friday?,2024-11-06T19:58:30Z,0.6353
Trump nominates Elon Musk to Cabinet?,2024-11-06T16:58:21Z,0.4319
Will Donald Trump win the popular vote in the 2024 Presidential Election?,2024-11-06T07:29:10Z,1.4456
Trump eligible to vote in the election?,2024-11-06T07:29:10Z,0.0006
Will Trump get 82-84m votes in the 2024 U.S. Presidential Election?,2024-11-06T07:29:10Z,0.2557
Will the Republican candidate win North Carolina by 0%-1.0%?,2024-11-06T04:57:29Z,0.4949
Will the Democratic candidate win North Carolina by 0%-1.0%?,2024-11-06T04:57:29Z,0.5757
Will the Republican candidate win North Carolina by 2.0%-3.0%?,2024-11-06T04:57:29Z,0.4099
Will the Republican candidate win North Carolina by 1.0%-2.0%?,2024-11-06T04:57:29Z,0.4862
Will the Democratic candidate win North Carolina by 2%-3.0%?,2024-11-06T04:57:29Z,0.5718
Will the Republican candidate win North Carolina by 4.0% or more?,2024-11-06T04:57:29Z,0.6545
Will the Democratic candidate win North Carolina by 1%-2.0%?,2024-11-06T04:57:29Z,0.5744
Will the Republican candidate win North Carolina by 3.0%-4.0%?,2024-11-06T04:57:29Z,7.0101
Will the Democratic candidate win North Carolina by 3%-4.0%?,2024-11-06T04:57:29Z,0.5222
Will the Democratic candidate win North Carolina by 4.0% or more?,2024-11-06T04:57:29Z,0.5732
Will Kamala Harris win another state by the largest margin?,2024-11-06T04:57:29Z,0.5292
Will Kamala Harris win Delaware by the largest margin?,2024-11-06T04:57:29Z,0.547
Will North Carolina be the tipping point state?,2024-11-06T04:57:29Z,12.4461
Will the Republican candidate win North Carolina by 4.0% or more?,2024-11-06T03:24:39Z,0.6545
Will the Democratic candidate win North Carolina by 4.0% or more?,2024-11-06T03:24:39Z,0.5732
Will the Democratic candidate win North Carolina by 3%-4.0%?,2024-11-06T03:24:39Z,0.5222
Will the Republican candidate win North Carolina by 0%-1.0%?,2024-11-06T03:24:39Z,0.4949
Will the Republican candidate win North Carolina by 3.0%-4.0%?,2024-11-06T03:24:39Z,7.0101
Will the Democratic candidate win North Carolina by 0%-1.0%?,2024-11-06T03:24:39Z,0.5757
Will the Republican candidate win North Carolina by 1.0%-2.0%?,2024-11-06T03:24:39Z,0.4862
Will the Republican candidate win North Carolina by 2.0%-3.0%?,2024-11-06T03:24:39Z,0.4099
Will the Democratic candidate win North Carolina by 2%-3.0%?,2024-11-06T03:24:39Z,0.5718
Will the Democratic candidate win North Carolina by 1%-2.0%?,2024-11-06T03:24:39Z,0.5744
"Trump wins 287-251 - AZ, GA, NV, NC, PA",2024-11-06T03:24:39Z,0.5735
Will a Democrat win Wisconsin Presidential Election?,2024-11-06T02:23:47Z,0.5768
Will the Democratic candidate win Wisconsin by 4.0% or more?,2024-11-06T02:23:47Z,5.5067
Will the Democratic candidate win Wisconsin by 0%-1.0%?,2024-11-06T02:23:47Z,0.5759
Will the Republican candidate win North Carolina by 4.0% or more?,2024-11-06T01:30:58Z,0.6545
Will the Republican candidate win North Carolina by 0%-1.0%?,2024-11-06T01:30:58Z,0.4949
Will the Republican candidate win North Carolina by 2.0%-3.0%?,2024-11-06T01:30:58Z,0.4099
Will the Republican candidate win North Carolina by 1.0%-2.0%?,2024-11-06T01:30:58Z,0.4862
Will the Democratic candidate win North Carolina by 2%-3.0%?,2024-11-06T01:30:58Z,0.5718
Will the Democratic candidate win North Carolina by 4.0% or more?,2024-11-06T01:30:58Z,0.5732
Will the Democratic candidate win North Carolina by 0%-1.0%?,2024-11-06T01:30:58Z,0.5757
Will the Democratic candidate win North Carolina by 1%-2.0%?,2024-11-06T01:30:58Z,0.5744
Will the Republican candidate win North Carolina by 3.0%-4.0%?,2024-11-06T01:30:58Z,7.0101
Will the Democratic candidate win North Carolina by 3%-4.0%?,2024-11-06T01:30:58Z,0.5222
Will Joe Biden win the 2024 US Presidential Election?,2024-11-05T14:03:44Z,0.0
Will any other Democratic Politician win the 2024 US Presidential Election?,2024-11-05T14:03:44Z,0.0
"Trump wins 306-232 - AZ, GA, MI, PA, WI, NC",2024-11-05T12:35:33Z,0.4226
"Trump wins 316-222 - AZ, GA, MI, MN, NC, PA, WI",2024-11-05T12:35:33Z,0.2356
"Trump wins 283-255 - AZ, GA, MI, NV, NC",2024-11-05T12:35:33Z,1.4579
"Trump wins 322-216 - AZ, GA, MI, MN, NV, PA, WI",2024-11-05T12:35:33Z,0.4495
"Trump wins 306-232 - AZ, GA, MI, PA, WI, NC",2024-11-05T11:58:10Z,0.4226
"Trump wins 316-222 - AZ, GA, MI, MN, NC, PA, WI",2024-11-05T11:58:10Z,0.2356
"Trump wins 283-255 - AZ, GA, MI, NV, NC",2024-11-05T11:58:10Z,1.4579
"Trump wins 322-216 - AZ, GA, MI, MN, NV, PA, WI",2024-11-05T11:58:10Z,0.4495
"Will there be 175,000,000 or more votes cast in the U.S. Presidential Election?",2024-11-04T20:02:03Z,0.4292
"Will there be 140,000,000-145,000,000 votes cast in the U.S. Presidential Election?",2024-11-04T20:02:03Z,1.1209
"Will there be 130,000,000-135,000,000 votes cast in the U.S. Presidential Election?",2024-11-04T20:02:03Z,0.6589
"Will there be less than 130,000,000 votes cast in the U.S. Presidential Election?",2024-11-04T20:02:03Z,0.1778
"Will there be 135,000,000-140,000,000 votes cast in the U.S. Presidential Election?",2024-11-04T20:02:03Z,0.3819
"Will there be 165,000,000-170,000,000 votes cast in the U.S. Presidential Election?",2024-11-04T20:02:03Z,0.9444
"Will there be 160,000,000-165,000,000 votes cast in the U.S. Presidential Election?",2024-11-04T20:02:03Z,0.7679
"Will there be 170,000,000-175,000,000 votes cast in the U.S. Presidential Election?",2024-11-04T20:02:03Z,0.988
Will there be a 269-269 tie in Electoral College?,2024-11-04T20:02:03Z,0.7924
"Will there be 145,000,000-150,000,000 votes cast in the U.S. Presidential Election?",2024-11-04T20:02:03Z,1.129
"Will there be 150,000,000-155,000,000 votes cast in the U.S. Presidential Election?",2024-11-04T20:02:03Z,1.7572
"Will there be 155,000,000-160,000,000 votes cast in the U.S. Presidential Election?",2024-11-04T20:02:03Z,0.2925
Will any other Democratic Politician win the 2024 US Presidential Election?,2024-11-04T19:17:17Z,0.0
Will any other Democrat Politician win the popular vote in the 2024 Presidential Election?,2024-11-04T19:17:17Z,0.0
Will Kamala Harris win the 2024 US Presidential Election?,2024-11-04T19:17:17Z,0.0332
Will any other Republican Politician win the 2024 US Presidential Election?,2024-11-04T19:17:17Z,0.0
Will any other Republican Politician win the popular vote in the 2024 Presidential Election?,2024-11-04T19:17:17Z,0.0
Will Joe Biden win the 2024 US Presidential Election?,2024-11-04T19:17:17Z,0.0
Will Hillary Clinton win the popular vote in the 2024 Presidential Election?,2024-11-04T19:17:17Z,0.0
Will Hillary Clinton win the 2024 US Presidential Election?,2024-11-04T19:17:17Z,0.0
Democrat other than Biden wins the Election?,2024-11-04T19:17:17Z,0.0384
Will Kamala Harris get 88m or more votes in the 2024 U.S. Presidential Election?,2024-11-04T19:17:17Z,1.3656
Will Kamala Harris get 80-82m votes in the 2024 U.S. Presidential Election?,2024-11-04T19:17:17Z,1.4148
Will Kamala Harris get 82-84m votes in the 2024 U.S. Presidential Election?,2024-11-04T19:17:17Z,1.0762
Will Kamala get more votes than Biden?,2024-11-04T19:17:17Z,0.6877
Will either Kamala or Trump win every swing state?,2024-11-04T19:17:17Z,2.143
Will Kamala Harris get 84-86m votes in the 2024 U.S. Presidential Election?,2024-11-04T19:17:17Z,1.4636
Will Kamala Harris get  72-74m votes in the 2024 U.S. Presidential Election?,2024-11-04T19:17:17Z,3.238
Will Kamala Harris get 78-80m votes in the 2024 U.S. Presidential Election?,2024-11-04T19:17:17Z,0.3695
Will Kamala Harris get  70-72m votes in the 2024 U.S. Presidential Election?,2024-11-04T19:17:17Z,0.0721
Will Kamala Harris get 86-88m votes in the 2024 U.S. Presidential Election?,2024-11-04T19:17:17Z,0.3941
Will Kamala Harris get  74-76m votes in the 2024 U.S. Presidential Election?,2024-11-04T19:17:17Z,1.2679
Biden wins the Popular Vote?,2024-11-04T19:17:17Z,0.0
Will Kamala Harris get  68-70m votes in the 2024 U.S. Presidential Election?,2024-11-04T19:17:17Z,1.0987
Will Kamala Harris get  76-78m votes in the 2024 U.S. Presidential Election?,2024-11-04T19:17:17Z,0.0596
Kamala Harris wins the popular vote?,2024-11-04T19:17:17Z,0.5706
2024 presidential election: Democrats win by 15-34,2024-11-04T19:17:17Z,0.5368
"Trump wins 283-255 - AZ, GA, MI, NV, NC",2024-11-04T01:13:58Z,1.4579
"Trump wins 306-232 - AZ, GA, MI, PA, WI, NC",2024-11-04T01:13:58Z,0.6854
Trump wins a solid blue state?,2024-11-04T01:13:58Z,0.5641
Will 538 correctly call the Presidential Election?,2024-11-02T22:46:43Z,0.1756
Will Kamala Harris win the 2024 US Presidential Election?,2024-11-01T04:40:30Z,0.0761
Will Kamala Harris get 82-84m votes in the 2024 U.S. Presidential Election?,2024-11-01T04:40:30Z,0.657
Will Kamala Harris drop out of presidential race?,2024-11-01T04:40:30Z,0.1775
Kamala Harris wins the popular vote?,2024-11-01T04:40:30Z,0.048
Will Kamala Harris get 88m or more votes in the 2024 U.S. Presidential Election?,2024-11-01T04:40:30Z,0.4736
Kamala Harris fires campaign manager?,2024-11-01T04:40:30Z,0.4004
Will Kamala Harris get 84-86m votes in the 2024 U.S. Presidential Election?,2024-11-01T04:40:30Z,0.384
Will Kamala Harris get 78-80m votes in the 2024 U.S. Presidential Election?,2024-11-01T04:40:30Z,0.2864
Will Kamala Harris get 80-82m votes in the 2024 U.S. Presidential Election?,2024-11-01T04:40:30Z,0.1136
Will Kamala Harris get  72-74m votes in the 2024 U.S. Presidential Election?,2024-11-01T04:40:30Z,0.1326
Will Kamala Harris get 86-88m votes in the 2024 U.S. Presidential Election?,2024-11-01T04:40:30Z,0.4395
Will Kamala Harris get  76-78m votes in the 2024 U.S. Presidential Election?,2024-11-01T04:40:30Z,0.2715
Will Kamala Harris get  74-76m votes in the 2024 U.S. Presidential Election?,2024-11-01T04:40:30Z,0.0275
Will Kamala Harris get less than 68m votes in the 2024 U.S. Presidential Election?,2024-11-01T04:40:30Z,0.289
Will Kamala Harris get  70-72m votes in the 2024 U.S. Presidential Election?,2024-11-01T04:40:30Z,0.0532
Will George W. Bush endorse Kamala Harris?,2024-11-01T04:40:30Z,0.3429
Will Kamala Harris get  68-70m votes in the 2024 U.S. Presidential Election?,2024-11-01T04:40:30Z,0.1461
Will Kamala Harris be D-nom for VP on Election Day?,2024-11-01T04:40:30Z,0.0
Will Kamala Harris win California by the largest margin?,2024-11-01T04:40:30Z,0.1568
Kamala Harris blowout victory?,2024-11-01T04:40:30Z,0.351
Kamala Harris wins a solid red state?,2024-11-01T04:40:30Z,1.1976
Will Kamala Harris win another state by the largest margin?,2024-11-01T04:40:30Z,0.2251
Will Kamala Harris win New York by the largest margin?,2024-11-01T04:40:30Z,0.206
Kamala Harris wins the popular vote?,2024-11-01T02:30:16Z,0.048
"Kamala wins 270-268 - MI, PA, WI",2024-11-01T02:30:16Z,0.1514
"Kamala wins 276-262 - PA, NV, MI, WI",2024-11-01T02:30:16Z,0.2404
Will Kamala Harris win all 6 swing states?,2024-11-01T02:30:16Z,0.5283
"Kamala wins 273-265 - GA, MI, NC",2024-11-01T02:30:16Z,0.2184
Will Kamala Harris win another state by the largest margin?,2024-11-01T02:30:16Z,0.2251
Kamala Harris wins a solid red state?,2024-11-01T02:30:16Z,1.1976
Will Kamala Harris get 84-86m votes in the 2024 U.S. Presidential Election?,2024-11-01T02:30:16Z,0.384
Will Kamala Harris get 82-84m votes in the 2024 U.S. Presidential Election?,2024-11-01T02:30:16Z,0.657
"Kamala wins 287-251 - PA, NV, MI, WI, AZ",2024-11-01T02:30:16Z,0.202
Will Kamala Harris get  72-74m votes in the 2024 U.S. Presidential Election?,2024-11-01T02:30:16Z,0.1326
Will Kamala Harris get 86-88m votes in the 2024 U.S. Presidential Election?,2024-11-01T02:30:16Z,0.4395
Will Kamala Harris get 78-80m votes in the 2024 U.S. Presidential Election?,2024-11-01T02:30:16Z,0.2864
Will Kamala Harris get  76-78m votes in the 2024 U.S. Presidential Election?,2024-11-01T02:30:16Z,0.2715
Will Kamala Harris get 80-82m votes in the 2024 U.S. Presidential Election?,2024-11-01T02:30:16Z,0.1136
Will Kamala Harris get  70-72m votes in the 2024 U.S. Presidential Election?,2024-11-01T02:30:16Z,0.0532
Will Kamala Harris win Delaware by the largest margin?,2024-11-01T02:30:16Z,0.2055
Will Kamala Harris win the 2024 US Presidential Election?,2024-11-01T02:30:16Z,0.0761
Will Kamala Harris get  68-70m votes in the 2024 U.S. Presidential Election?,2024-11-01T02:30:16Z,0.1461
Will Kamala Harris win Massachusetts by the largest margin?,2024-11-01T02:30:16Z,0.0753
Will Kamala Harris get  74-76m votes in the 2024 U.S. Presidential Election?,2024-11-01T02:30:16Z,0.0275
Will Kamala Harris win Hawaii by the largest margin?,2024-11-01T02:30:16Z,0.1061
Will Kamala Harris get 88m or more votes in the 2024 U.S. Presidential Election?,2024-11-01T02:30:16Z,0.4736
Will Kamala Harris get less than 68m votes in the 2024 U.S. Presidential Election?,2024-11-01T02:30:16Z,0.289
Will Kamala Harris win Rhode Island by the largest margin?,2024-11-01T02:30:16Z,0.4512
Will Kamala Harris win New York by the largest margin?,2024-11-01T02:30:16Z,0.206
Will Kamala Harris win California by the largest margin?,2024-11-01T02:30:16Z,0.1568
Will Kamala Harris win Connecticut by the largest margin?,2024-11-01T02:30:16Z,0.2241
Will either Kamala or Trump win every swing state?,2024-11-01T02:30:16Z,0.066
Will Kamala Harris win Maryland by the largest margin?,2024-11-01T02:30:16Z,0.1088
"Harris wins the election but loses WI, MI, or PA?",2024-11-01T02:30:16Z,0.1048
Kamala wins Pennsylvania but loses the Election?,2024-11-01T02:30:16Z,0.0386
Will Kamala Harris win Vermont by the largest margin?,2024-11-01T02:30:16Z,0.0403
"Harris wins the election but loses WI, MI, or PA?",2024-10-31T18:05:30Z,0.0428
Israel and Saudi Arabia normalize relations before U.S. election?,2024-10-31T16:51:00Z,0.5242
Kamala Harris wins the popular vote?,2024-10-31T14:21:07Z,0.0365
"Harris wins the election but loses WI, MI, or PA?",2024-10-31T02:51:15Z,0.0428
"Harris wins the election but loses WI, MI, or PA?",2024-10-30T16:38:44Z,0.132
Will Kamala Harris win the 2024 US Presidential Election?,2024-10-30T15:12:33Z,0.0511
Will Kamala Harris get  72-74m votes in the 2024 U.S. Presidential Election?,2024-10-30T15:12:33Z,0.3084
Will Kamala Harris get  76-78m votes in the 2024 U.S. Presidential Election?,2024-10-30T15:12:33Z,0.4759
Will Kamala Harris get  70-72m votes in the 2024 U.S. Presidential Election?,2024-10-30T15:12:33Z,0.0918
Will Kamala Harris get  68-70m votes in the 2024 U.S. Presidential Election?,2024-10-30T15:12:33Z,0.0943
Will Kamala Harris get  74-76m votes in the 2024 U.S. Presidential Election?,2024-10-30T15:12:33Z,0.101
Will Kamala Harris get 88m or more votes in the 2024 U.S. Presidential Election?,2024-10-30T15:12:33Z,0.8025
Will Kamala Harris get 82-84m votes in the 2024 U.S. Presidential Election?,2024-10-30T15:12:33Z,0.638
Will Kamala Harris get 84-86m votes in the 2024 U.S. Presidential Election?,2024-10-30T15:12:33Z,0.4949
Will Kamala Harris get 78-80m votes in the 2024 U.S. Presidential Election?,2024-10-30T15:12:33Z,0.3239
Will Kamala Harris get 86-88m votes in the 2024 U.S. Presidential Election?,2024-10-30T15:12:33Z,0.4294
Will Kamala Harris be D-nom for VP on Election Day?,2024-10-30T15:12:33Z,0.0
Will Kamala Harris get 80-82m votes in the 2024 U.S. Presidential Election?,2024-10-30T15:12:33Z,0.4032
Will Kamala Harris get less than 68m votes in the 2024 U.S. Presidential Election?,2024-10-30T15:12:33Z,0.1971
Kamala Harris wins the popular vote?,2024-10-30T15:12:33Z,0.0341
Will Kamala Harris drop out of presidential race?,2024-10-30T15:12:33Z,0.3523
Will George W. Bush endorse Kamala Harris?,2024-10-30T15:12:33Z,0.5522
Kamala Harris blowout victory?,2024-10-30T15:12:33Z,0.1207
Kamala Harris wins the popular vote?,2024-10-30T13:10:45Z,0.0341
Will George W. Bush endorse Kamala Harris?,2024-10-30T13:10:45Z,0.5522
Will Kamala Harris get  76-78m votes in the 2024 U.S. Presidential Election?,2024-10-30T13:10:45Z,0.4759
Will Kamala Harris get  74-76m votes in the 2024 U.S. Presidential Election?,2024-10-30T13:10:45Z,0.101
Will Kamala Harris get  72-74m votes in the 2024 U.S. Presidential Election?,2024-10-30T13:10:45Z,0.3084
Will Kamala Harris get 78-80m votes in the 2024 U.S. Presidential Election?,2024-10-30T13:10:45Z,0.3239
Will Kamala Harris get 84-86m votes in the 2024 U.S. Presidential Election?,2024-10-30T13:10:45Z,0.4949
Will Kamala Harris win the 2024 US Presidential Election?,2024-10-30T13:10:45Z,0.0511
Will Kamala Harris get 82-84m votes in the 2024 U.S. Presidential Election?,2024-10-30T13:10:45Z,0.638
Will Kamala Harris get  70-72m votes in the 2024 U.S. Presidential Election?,2024-10-30T13:10:45Z,0.0918
Will Kamala Harris get 80-82m votes in the 2024 U.S. Presidential Election?,2024-10-30T13:10:45Z,0.4032
Will Kamala Harris get 86-88m votes in the 2024 U.S. Presidential Election?,2024-10-30T13:10:45Z,0.4294
Will George W. Bush endorse Kamala Harris?,2024-10-30T12:26:07Z,0.5522
Will Kamala Harris win the 2024 US Presidential Election?,2024-10-30T12:26:07Z,0.0511
Kamala Harris fires campaign manager?,2024-10-30T12:26:07Z,0.2855
Kamala Harris wins the popular vote?,2024-10-30T12:26:07Z,0.0341
Will Nikki Haley win the 2024 US Presidential Election?,2024-10-30T01:09:29Z,0.0
Will Nikki Haley win the popular vote in the 2024 Presidential Election?,2024-10-30T01:09:29Z,0.0
Will Kamala Harris win California by the largest margin?,2024-10-30T00:22:31Z,0.0152
Will Kamala Harris win another state by the largest margin?,2024-10-30T00:22:31Z,0.0445
Will Kamala Harris win all 6 swing states?,2024-10-30T00:22:31Z,0.1249
Will Kamala Harris win Hawaii by the largest margin?,2024-10-30T00:22:31Z,0.0392
Kamala Harris wins a solid red state?,2024-10-30T00:22:31Z,0.1663
Kamala Harris wins the popular vote?,2024-10-30T00:22:31Z,0.0341
Will Kamala Harris win Connecticut by the largest margin?,2024-10-30T00:22:31Z,0.259
Will Kamala Harris win New York by the largest margin?,2024-10-30T00:22:31Z,0.1168
Will Kamala Harris get  72-74m votes in the 2024 U.S. Presidential Election?,2024-10-30T00:22:31Z,0.3084
Will Kamala Harris win Delaware by the largest margin?,2024-10-30T00:22:31Z,0.1002
Will Kamala Harris get  74-76m votes in the 2024 U.S. Presidential Election?,2024-10-30T00:22:31Z,0.101
Will Kamala Harris win Vermont by the largest margin?,2024-10-30T00:22:31Z,0.0048
Will Kamala Harris get 82-84m votes in the 2024 U.S. Presidential Election?,2024-10-30T00:22:31Z,0.638
Will Kamala Harris get  76-78m votes in the 2024 U.S. Presidential Election?,2024-10-30T00:22:31Z,0.4759
Will a Democrat win Nevada Presidential Election?,2024-10-30T00:22:31Z,0.0685
Will Kamala Harris get 84-86m votes in the 2024 U.S. Presidential Election?,2024-10-30T00:22:31Z,0.4949
Will Kamala Harris get 80-82m votes in the 2024 U.S. Presidential Election?,2024-10-30T00:22:31Z,0.4032
Will a Republican win Nevada Presidential Election?,2024-10-30T00:22:31Z,0.0349
Will Kamala Harris win the 2024 US Presidential Election?,2024-10-30T00:22:31Z,0.0511
Will Kamala Harris get  70-72m votes in the 2024 U.S. Presidential Election?,2024-10-30T00:22:31Z,0.0918
"Will Trump say ""Puerto Rico"" during Pennsylvania rally on Oct 29?",2024-10-29T22:09:52Z,0.0
"Will Trump say ""Kamala"" 20 or more times during Pennsylvania rally on Oct 29?",2024-10-29T16:57:31Z,0.0408
"Will Trump say ""Comrade Kamala"" during Pennsylvania rally on Oct 29?",2024-10-29T16:57:31Z,0.2185
"Will Trump say ""Puerto Rico"" during Pennsylvania rally on Oct 29?",2024-10-29T13:45:45Z,0.7818
"Will Trump say ""Puerto Rico"" during Pennsylvania rally on Oct 29?",2024-10-29T11:41:11Z,0.7818
"Will Trump say ""Comrade Kamala"" during Georgia rally on October 28?",2024-10-28T23:50:32Z,0.0
"Will Trump say ""Kamala"" 20 or more times during Georgia rally on October 28?",2024-10-28T23:50:32Z,0.0
Kamala Harris fires campaign manager?,2024-10-28T18:36:42Z,0.1324
Another Iran strike on Israel in October?,2024-10-28T16:31:18Z,0.178
Another Iran strike on Israel in 2024?,2024-10-28T16:31:18Z,0.065
Will a Democrat win Pennsylvania Presidential Election?,2024-10-28T13:11:13Z,0.0129
Will Kamala Harris win the 2024 US Presidential Election?,2024-10-27T20:21:18Z,0.0044
Will Kamala Harris win New York by the largest margin?,2024-10-27T20:21:18Z,0.0
Will Kamala Harris win Massachusetts by the largest margin?,2024-10-27T20:21:18Z,0.0
Will Kamala Harris win another state by the largest margin?,2024-10-27T20:21:18Z,0.0842
Will Kamala Harris win Delaware by the largest margin?,2024-10-27T20:21:18Z,0.2474
Will Kamala Harris win Hawaii by the largest margin?,2024-10-27T20:21:18Z,0.0241
Kamala Harris wins the popular vote?,2024-10-27T20:21:18Z,0.0215
Will Kamala Harris win California by the largest margin?,2024-10-27T20:21:18Z,0.041
Kamala Harris blowout victory?,2024-10-27T20:21:18Z,0.0679
Will Kamala Harris be D-nom for VP on Election Day?,2024-10-27T20:21:18Z,0.0
Will George W. Bush endorse Kamala Harris?,2024-10-27T20:21:18Z,0.4299
Will Kamala Harris win Connecticut by the largest margin?,2024-10-27T20:21:18Z,0.1546
Will Kamala Harris win all 6 swing states?,2024-10-27T20:21:18Z,0.0581
Will Kamala Harris win Vermont by the largest margin?,2024-10-27T20:21:18Z,0.0123
Will Kamala Harris win the 2024 US Presidential Election?,2024-10-27T10:00:33Z,0.0044
Kamala Harris wins the popular vote?,2024-10-27T10:00:33Z,0.0215
Will Kamala Harris drop out of presidential race?,2024-10-27T10:00:33Z,0.0939
Another Iran strike on Israel in October?,2024-10-26T12:53:01Z,0.1535
Israel strikes Iranian oil in October?,2024-10-26T12:53:01Z,0.2871
Israel strike on Iranian nuclear facility in 2024?,2024-10-26T12:53:01Z,0.2099
Another Iran strike on Israel in October?,2024-10-26T02:16:06Z,0.1535
Israel strike on Iranian nuclear facility in 2024?,2024-10-26T02:16:06Z,0.2099
Iran strike on US military before November?,2024-10-26T02:16:06Z,0.1564
Israel strikes Iranian oil in October?,2024-10-26T02:16:06Z,0.2871
Another Iran strike on Israel in October?,2024-10-25T23:38:44Z,0.1535
Will Israel strike Iran on Friday Oct 25?,2024-10-25T23:38:44Z,0.0
Will Israel strike Iran on Saturday Oct 26?,2024-10-25T23:38:44Z,0.0
Will Israel strike Iran on Sunday Oct 27?,2024-10-25T23:38:44Z,0.0
No Israel strike Iran on by Sunday Oct 27?,2024-10-25T23:38:44Z,0.0
Israel strike on Iranian nuclear facility in 2024?,2024-10-25T23:38:44Z,0.2099
Israel strikes Iranian oil in October?,2024-10-25T23:38:44Z,0.2871
Israel military response against Iran in October?,2024-10-25T23:38:44Z,0.0
Israel military response against Iran by Friday?,2024-10-25T23:38:44Z,0.0
Iran strike on US military before November?,2024-10-25T23:38:44Z,0.1564
Israel declares war on Iran in October?,2024-10-25T23:38:44Z,0.3111
Will Caitlin Clark endorse Kamala Harris?,2024-10-25T02:00:29Z,0.116
Will Beyoncé appear at Kamala rally in Houston?,2024-10-25T01:00:51Z,0.0104
Will George W. Bush endorse Kamala Harris?,2024-10-25T01:00:51Z,0.0982
Will Travis Kelce endorse Kamala Harris?,2024-10-25T01:00:51Z,0.2592
Will Beyoncé perform at Kamala rally in Houston?,2024-10-25T01:00:51Z,0.0466
Will Caitlin Clark endorse Kamala Harris?,2024-10-25T01:00:51Z,0.116
"Will there be 140,000,000-145,000,000 votes cast in the U.S. Presidential Election?",2024-10-24T15:40:16Z,0.3344
"Will there be 145,000,000-150,000,000 votes cast in the U.S. Presidential Election?",2024-10-24T15:40:16Z,0.1627
"Will there be 175,000,000 or more votes cast in the U.S. Presidential Election?",2024-10-24T15:40:16Z,0.3894
"Will there be 135,000,000-140,000,000 votes cast in the U.S. Presidential Election?",2024-10-24T15:40:16Z,0.7344
"Will there be 150,000,000-155,000,000 votes cast in the U.S. Presidential Election?",2024-10-24T15:40:16Z,0.2448
"Will there be 130,000,000-135,000,000 votes cast in the U.S. Presidential Election?",2024-10-24T15:40:16Z,0.3355
"Will there be 155,000,000-160,000,000 votes cast in the U.S. Presidential Election?",2024-10-24T15:40:16Z,0.0635
"Will there be 165,000,000-170,000,000 votes cast in the U.S. Presidential Election?",2024-10-24T15:40:16Z,0.4085
"Will there be less than 130,000,000 votes cast in the U.S. Presidential Election?",2024-10-24T15:40:16Z,0.2584
"Will there be 160,000,000-165,000,000 votes cast in the U.S. Presidential Election?",2024-10-24T15:40:16Z,0.1925
"Will there be 170,000,000-175,000,000 votes cast in the U.S. Presidential Election?",2024-10-24T15:40:16Z,0.3464
Will Kamala Harris win the 2024 US Presidential Election?,2024-10-24T14:55:04Z,0.0318
Will Kamala Harris drop out of presidential race?,2024-10-24T14:55:04Z,0.0608
Will Kamala Harris be D-nom for VP on Election Day?,2024-10-24T14:55:04Z,0.0
Kamala Harris wins the popular vote?,2024-10-24T14:55:04Z,0.0221
Will George W. Bush endorse Kamala Harris?,2024-10-24T14:55:04Z,0.1019
Kamala Harris blowout victory?,2024-10-24T14:55:04Z,0.2348
Will Kamala Harris win another state by the largest margin?,2024-10-24T14:55:04Z,0.0227
Will Michelle Obama become Dem Nominee?,2024-10-24T14:55:04Z,0.4773
Will Kamala Harris win all 6 swing states?,2024-10-24T14:55:04Z,0.0646
Kamala flips a 2020 Trump state?,2024-10-24T14:55:04Z,0.0413
Will Kamala Harris win New York by the largest margin?,2024-10-24T14:55:04Z,0.0577
Will a Republican win New York Presidential Election?,2024-10-24T00:22:28Z,0.0331
North Korea x South Korea military clash in 2024?,2024-10-23T18:29:42Z,0.1117
Kamala Harris blowout victory?,2024-10-22T22:14:40Z,0.2143
Will Kamala Harris win the 2024 US Presidential Election?,2024-10-22T22:14:40Z,0.0787
Trump nominates Elon Musk to Cabinet?,2024-10-22T17:43:58Z,0.1278
Evidence released that Kamala worked at McDonald's?,2024-10-22T03:02:09Z,0.1022
Will Kamala Harris win all 6 swing states?,2024-10-22T00:24:09Z,0.1753
Will Kamala Harris win another state by the largest margin?,2024-10-22T00:24:09Z,0.0412
Kamala Harris wins a solid red state?,2024-10-22T00:24:09Z,0.1052
Kamala Harris wins the popular vote?,2024-10-22T00:24:09Z,0.0479
Kamala flips a 2020 Trump state?,2024-10-22T00:24:09Z,0.1226
Will Kamala Harris win Hawaii by the largest margin?,2024-10-22T00:24:09Z,0.0672
Will Kamala Harris win Delaware by the largest margin?,2024-10-22T00:24:09Z,0.2825
Will either Kamala or Trump win every swing state?,2024-10-22T00:24:09Z,0.1029
Will Kamala Harris win the 2024 US Presidential Election?,2024-10-22T00:24:09Z,0.0787
Will Kamala Harris win California by the largest margin?,2024-10-22T00:24:09Z,0.0092
Will Kamala Harris win Rhode Island by the largest margin?,2024-10-22T00:24:09Z,0.0412
Will Kamala Harris win Massachusetts by the largest margin?,2024-10-22T00:24:09Z,0.0465
Will Kamala Harris win Maryland by the largest margin?,2024-10-22T00:24:09Z,0.034
Will Kamala Harris win Connecticut by the largest margin?,2024-10-22T00:24:09Z,0.1072
Will Kamala Harris win New York by the largest margin?,2024-10-22T00:24:09Z,0.0955
Kamala Harris wins a solid red state?,2024-10-20T16:33:37Z,0.036
Will Kamala Harris win another state by the largest margin?,2024-10-20T16:33:37Z,0.0553
Will Kamala Harris win all 6 swing states?,2024-10-20T16:33:37Z,0.1206
Kamala Harris blowout victory?,2024-10-20T16:33:37Z,0.1129
Kamala Harris wins the popular vote?,2024-10-20T16:33:37Z,0.0173
Will Kamala Harris win New York by the largest margin?,2024-10-20T16:33:37Z,0.1322
Will Kamala Harris win California by the largest margin?,2024-10-20T16:33:37Z,0.0623
Will Kamala Harris win the 2024 US Presidential Election?,2024-10-20T16:33:37Z,0.0565
Kamala flips a 2020 Trump state?,2024-10-20T16:33:37Z,0.0802
Will Kamala Harris win Delaware by the largest margin?,2024-10-20T16:33:37Z,0.2241
Will Kamala Harris win Massachusetts by the largest margin?,2024-10-20T16:33:37Z,0.0465
Will Kamala Harris win Maryland by the largest margin?,2024-10-20T16:33:37Z,0.0572
Will Kamala Harris win Hawaii by the largest margin?,2024-10-20T16:33:37Z,0.1182
Will Kamala Harris win Connecticut by the largest margin?,2024-10-20T16:33:37Z,0.3469
Kamala Harris fires campaign manager?,2024-10-20T16:33:37Z,0.1192
No Israel x Hamas ceasefire in 2024?,2024-10-18T16:18:54Z,0.1026
Next Israel x Hamas ceasefire in November?,2024-10-18T16:18:54Z,0.1245
Next Israel x Hamas ceasefire in October?,2024-10-18T16:18:54Z,0.1454
Israel x Hamas ceasefire in 2024?,2024-10-18T16:18:54Z,0.0946
Israel withdraws from Gaza before November?,2024-10-18T16:18:54Z,0.17
Next Israel x Hamas ceasefire in December?,2024-10-18T16:18:54Z,0.0426
Yahya Sinwar still Hamas leader by October 31?,2024-10-17T22:33:59Z,0.0
Yahya Sinwar still Hamas leader by October 31?,2024-10-17T19:30:11Z,0.5743
Yahya Sinwar still Hamas leader by October 31?,2024-10-17T17:27:09Z,0.5743
JD Vance replaced as Republican VP nominee?,2024-10-17T00:59:37Z,0.0
Israel military response against Iran in October?,2024-10-16T15:19:28Z,0.0346
Israel military response against Iran by Friday?,2024-10-16T15:19:28Z,0.0
Israel military action against Iran by end of 2024?,2024-10-16T15:19:28Z,0.039
Israel military action against Iraq before November?,2024-10-16T15:19:28Z,0.0956
Israel strike on Iranian nuclear facility in 2024?,2024-10-16T15:19:28Z,0.0953
Another Iran strike on Israel in October?,2024-10-16T15:19:28Z,0.3184
Israel military action against Yemen before November?,2024-10-16T15:19:28Z,0.0
Will Israel strike Iran on Sunday Oct 20?,2024-10-16T15:19:28Z,0.2529
Will Israel strike Iran on Friday Oct 18?,2024-10-16T15:19:28Z,0.6996
Will Israel strike Iran on Saturday Oct 19?,2024-10-16T15:19:28Z,0.5951
Will Israel strike Iran on Wednesday Oct 16?,2024-10-16T15:19:28Z,0.4659
Will Israel strike Iran on Thursday Oct 17?,2024-10-16T15:19:28Z,0.6476
Israel x Hezbollah Ceasefire in 2024?,2024-10-16T15:19:28Z,0.1021
No Israel strike Iran by Sunday Oct 20?,2024-10-16T15:19:28Z,0.1418
Israel declares war on Iran in October?,2024-10-16T15:19:28Z,0.2018
Will Israeli troops enter Beirut by October 31?,2024-10-16T15:19:28Z,0.2242
Israel withdraws from Lebanon before November?,2024-10-16T15:19:28Z,0.0584
Will Joe Biden win the 2024 US Presidential Election?,2024-10-16T01:15:01Z,0.0
Will George W. Bush endorse Kamala Harris?,2024-10-15T00:26:49Z,0.0213
Will Kamala Harris win the 2024 US Presidential Election?,2024-10-15T00:26:49Z,0.0217
U.S. military strike on Lebanon before November?,2024-10-14T17:31:07Z,0.0619
Will a Democrat win Pennsylvania Presidential Election?,2024-10-14T00:00:14Z,0.0136
Will a Republican win Pennsylvania Presidential Election?,2024-10-14T00:00:14Z,0.009
Will a candidate from another party win Pennsylvania Presidential Election?,2024-10-14T00:00:14Z,0.0
Will the Republican candidate win Pennsylvania by 2.5% or more?,2024-10-14T00:00:14Z,0.0796
Will the Republican candidate win Pennsylvania by 2.0%-2.5%?,2024-10-14T00:00:14Z,0.1354
Israel military response against Iran by Friday?,2024-10-13T23:15:01Z,0.0
Israel military response against Iran in October?,2024-10-13T23:15:01Z,0.0451
Israel x Hezbollah Ceasefire in 2024?,2024-10-13T23:15:01Z,0.0411
Will a Republican win Pennsylvania Presidential Election?,2024-10-13T22:02:57Z,0.009
Will a candidate from another party win Pennsylvania Presidential Election?,2024-10-13T22:02:57Z,0.0
COVID lab leak confirmed by US in 2024?,2024-10-08T23:52:17Z,0.0577
3 Trump vs. Harris debates before election?,2024-10-08T18:05:36Z,0.4737
2 Trump vs. Harris debates before election?,2024-10-08T18:05:36Z,0.3183
1 Trump vs. Harris debate before election?,2024-10-08T18:05:36Z,0.0199
4+ Trump vs. Harris debates before election?,2024-10-08T18:05:36Z,0.3587
Kamala Harris wins the popular vote?,2024-10-08T17:25:16Z,0.004
Will Kamala Harris win the 2024 US Presidential Election?,2024-10-08T17:25:16Z,0.0316
Kamala Harris wins a solid red state?,2024-10-08T17:25:16Z,0.501
Will Kamala Harris win all 6 swing states?,2024-10-08T17:25:16Z,0.0551
Will Kamala Harris drop out of presidential race?,2024-10-08T17:25:16Z,0.0532
Will Kamala Harris win the 2024 US Presidential Election?,2024-10-07T13:54:21Z,0.0359
Kamala Harris wins the popular vote?,2024-10-07T13:54:21Z,0.011
Israel x Hezbollah Ceasefire in 2024?,2024-10-06T02:49:47Z,0.3239
U.S. military strike on Lebanon before November?,2024-10-06T02:49:47Z,0.0525
Will Israeli troops enter Beirut by October 31?,2024-10-06T02:49:47Z,0.168
Israel military response against Iran in October?,2024-10-05T11:00:29Z,0.033
Israel military response against Iran by Friday?,2024-10-05T11:00:29Z,0.0
Israel strike on Iranian nuclear facility in 2024?,2024-10-05T02:39:50Z,0.0876
Another Iran strike on Israel in October?,2024-10-05T02:39:50Z,0.1482
Israel military response against Iran in October?,2024-10-05T02:39:50Z,0.033
Israel military action against Iran by end of 2024?,2024-10-05T02:39:50Z,0.0209
Israel military response against Iran by Friday?,2024-10-05T02:39:50Z,0.0
Israel military response against Iran by Sunday?,2024-10-05T02:39:50Z,0.7059
Israel declares war on Iran in October?,2024-10-05T02:39:50Z,0.4173
Will Elon Musk speak at Trump's Pennsylvania rally Saturday?,2024-10-05T01:13:00Z,0.1096
"Will Trump say ""Elon"", ""Musk"", or ""Elon Musk"" during Wisconsin rally?",2024-10-05T01:13:00Z,0.1386
Israel military response against Iran by Friday?,2024-10-04T23:06:38Z,0.0
Israel military response against Iran by Friday?,2024-10-04T23:06:38Z,0.0
Israel military response against Iran in October?,2024-10-04T23:06:38Z,0.033
Israel military action against Iran by end of 2024?,2024-10-04T20:14:06Z,0.0217
Will a candidate from another party win Montana US Senate Election?,2024-10-04T16:00:08Z,0.1925
Israel x Hezbollah Ceasefire in 2024?,2024-10-04T13:02:13Z,0.1
U.S. military strike on Lebanon before November?,2024-10-04T13:02:13Z,0.0
Another Iran strike on Israel by Friday?,2024-10-04T13:02:13Z,0.4234
U.S. military strike on Lebanon before November?,2024-10-04T01:30:25Z,0.0
Israel x Hezbollah Ceasefire in 2024?,2024-10-04T01:30:25Z,0.1
Will Israel invade Lebanon in September?,2024-10-04T01:30:25Z,0.725
Another Iran strike on Israel in October?,2024-10-03T18:14:09Z,0.0752
Another Iran strike on Israel by Friday?,2024-10-03T18:14:09Z,0.3917
Israel military response against Iran today?,2024-10-03T18:14:09Z,0.0
Israel strike on Iranian nuclear facility in 2024?,2024-10-03T18:14:09Z,0.1373
Israel military response against Iran by Friday?,2024-10-03T18:14:09Z,0.4344
Israel military response against Iran by Friday?,2024-10-03T18:14:09Z,0.4344
Israel military response against Iran in October?,2024-10-03T18:14:09Z,0.0494
Will Israel target Tehran?,2024-10-03T18:14:09Z,0.3437
Will Israel target an Iranian nuclear facility?,2024-10-03T18:14:09Z,0.4067
Will Israel target an Iranian oil or gas facility?,2024-10-03T18:14:09Z,0.4264
U.S. military strike on Lebanon before November?,2024-10-03T18:14:09Z,0.0
Israel military action against Iran by end of 2024?,2024-10-03T18:14:09Z,0.0063
Trump election interference trial doesn't start before November?,2024-10-02T23:56:53Z,0.0
Another Iran strike on Israel by Friday?,2024-10-02T22:14:20Z,0.3917
Will Israel target Tehran?,2024-10-02T22:14:20Z,0.3437
Israel x Hezbollah Ceasefire in 2024?,2024-10-02T15:22:42Z,0.0827
Israel military response against Iran by Friday?,2024-10-02T12:11:02Z,0.2323
Another Iran strike on Israel by Friday?,2024-10-02T12:11:02Z,0.0867
Israel military action against Iran by end of 2024?,2024-10-02T12:11:02Z,0.0111
Will Israel target an Iranian nuclear facility?,2024-10-02T12:11:02Z,0.2084
Will Israel target Tehran?,2024-10-02T12:11:02Z,0.1128
Israel declares war on Iran in October?,2024-10-02T12:11:02Z,0.1293
1 Vance vs. Walz debate before election?,2024-10-02T03:27:09Z,0.0008
2 or more Vance vs. Walz debates before election?,2024-10-02T03:27:09Z,0.1355
Israel military action against Iran by end of 2024?,2024-10-01T16:25:00Z,0.2394
Will Israel invade Lebanon before November?,2024-10-01T16:25:00Z,0.1075
Will Israel invade Lebanon in September?,2024-10-01T16:25:00Z,0.3321
Will Israel invade Lebanon in September?,2024-10-01T15:16:12Z,0.3321
Will Israel invade Lebanon before November?,2024-10-01T15:16:12Z,0.1075
Israeli forces enters Lebanon in September?,2024-10-01T15:16:12Z,0.0157
Will Israel invade Lebanon before November?,2024-10-01T12:23:41Z,0.1075
Israeli forces enters Lebanon in September?,2024-10-01T12:23:41Z,0.0157
Will Israel invade Lebanon in September?,2024-10-01T12:23:41Z,0.3321
U.S. military strike on Lebanon before November?,2024-10-01T12:23:41Z,0.0
Will Israeli troops enter Beirut by October 31?,2024-10-01T12:23:41Z,0.3137
Israel x Hezbollah Ceasefire in 2024?,2024-10-01T12:23:41Z,0.1208
